资产名,UE路径,类型,时长秒,帧数,RateScale,Additive类型,根XY轨迹cm_21点取样,启用RootMotion,原通知,首版状态,设计用途
Ability_E,/Game/ParagonCountess/Characters/Heroes/Countess/Animations/Ability_E.Ability_E,AnimSequence,1.1667,35,1.0,<AdditiveAnimationType.AAT_NONE: 0>,0.0,False,,首版使用,暗潮血刃
Ability_E_Jog_Fwd,/Game/ParagonCountess/Characters/Heroes/Countess/Animations/Ability_E_Jog_Fwd.Ability_E_Jog_Fwd,AnimSequence,1.8,54,1.0,<AdditiveAnimationType.AAT_NONE: 0>,0.0,False,,保留候选,首版未选入；可用于后续移动细化或扩展动作
Ability_E_Jog_Fwd_MSA,/Game/ParagonCountess/Characters/Heroes/Countess/Animations/Ability_E_Jog_Fwd_MSA.Ability_E_Jog_Fwd_MSA,AnimSequence,1.8,54,1.0,<AdditiveAnimationType.AAT_LOCAL_SPACE_BASE: 1>,0.0,False,,保留候选,叠加素材；先核对Additive类型与基准姿态
Ability_E_MSA,/Game/ParagonCountess/Characters/Heroes/Countess/Animations/Ability_E_MSA.Ability_E_MSA,AnimSequence,1.1667,35,1.0,<AdditiveAnimationType.AAT_ROTATION_OFFSET_MESH_SPACE: 2>,0.0,False,,保留候选,叠加素材；先核对Additive类型与基准姿态
Ability_E_target,/Game/ParagonCountess/Characters/Heroes/Countess/Animations/Ability_E_target.Ability_E_target,AnimSequence,0.0333,1,1.0,<AdditiveAnimationType.AAT_NONE: 0>,0.0,False,,姿态参考,单帧定姿，不作为完整攻击
Ability_E_target_additive,/Game/ParagonCountess/Characters/Heroes/Countess/Animations/Ability_E_target_additive.Ability_E_target_additive,AnimSequence,0.0333,1,1.0,<AdditiveAnimationType.AAT_LOCAL_SPACE_BASE: 1>,0.0,False,,姿态参考,单帧定姿，不作为完整攻击
Ability_E_target_transition,/Game/ParagonCountess/Characters/Heroes/Countess/Animations/Ability_E_target_transition.Ability_E_target_transition,AnimSequence,0.8,24,1.0,<AdditiveAnimationType.AAT_NONE: 0>,0.0,False,,保留候选,首版未选入；可用于后续移动细化或扩展动作
Ability_E_target_transition_MSA,/Game/ParagonCountess/Characters/Heroes/Countess/Animations/Ability_E_target_transition_MSA.Ability_E_target_transition_MSA,AnimSequence,0.8,24,1.0,<AdditiveAnimationType.AAT_LOCAL_SPACE_BASE: 1>,0.0,False,,保留候选,叠加素材；先核对Additive类型与基准姿态
Ability_Q,/Game/ParagonCountess/Characters/Heroes/Countess/Animations/Ability_Q.Ability_Q,AnimSequence,0.9667,29,1.0,<AdditiveAnimationType.AAT_NONE: 0>,0.0,False,,首版使用,环刃汲血
Ability_Q_Jog_Fwd,/Game/ParagonCountess/Characters/Heroes/Countess/Animations/Ability_Q_Jog_Fwd.Ability_Q_Jog_Fwd,AnimSequence,1.8,54,1.0,<AdditiveAnimationType.AAT_NONE: 0>,0.0,False,,保留候选,首版未选入；可用于后续移动细化或扩展动作
Ability_Q_Jog_Fwd_MSA,/Game/ParagonCountess/Characters/Heroes/Countess/Animations/Ability_Q_Jog_Fwd_MSA.Ability_Q_Jog_Fwd_MSA,AnimSequence,1.8,54,1.0,<AdditiveAnimationType.AAT_LOCAL_SPACE_BASE: 1>,0.0,False,,保留候选,叠加素材；先核对Additive类型与基准姿态
Ability_Q_MSA,/Game/ParagonCountess/Characters/Heroes/Countess/Animations/Ability_Q_MSA.Ability_Q_MSA,AnimSequence,0.9667,29,1.0,<AdditiveAnimationType.AAT_LOCAL_SPACE_BASE: 1>,0.0,False,,保留候选,叠加素材；先核对Additive类型与基准姿态
Ability_Q_target,/Game/ParagonCountess/Characters/Heroes/Countess/Animations/Ability_Q_target.Ability_Q_target,AnimSequence,0.0333,1,1.0,<AdditiveAnimationType.AAT_NONE: 0>,0.0,False,,姿态参考,单帧定姿，不作为完整攻击
Ability_Q_target_additive,/Game/ParagonCountess/Characters/Heroes/Countess/Animations/Ability_Q_target_additive.Ability_Q_target_additive,AnimSequence,0.0333,1,1.0,<AdditiveAnimationType.AAT_LOCAL_SPACE_BASE: 1>,0.0,False,,姿态参考,单帧定姿，不作为完整攻击
Ability_Q_target_transition,/Game/ParagonCountess/Characters/Heroes/Countess/Animations/Ability_Q_target_transition.Ability_Q_target_transition,AnimSequence,0.8333,25,1.0,<AdditiveAnimationType.AAT_NONE: 0>,0.0,False,,保留候选,首版未选入；可用于后续移动细化或扩展动作
Ability_Q_target_transition_MSA,/Game/ParagonCountess/Characters/Heroes/Countess/Animations/Ability_Q_target_transition_MSA.Ability_Q_target_transition_MSA,AnimSequence,0.8333,25,1.0,<AdditiveAnimationType.AAT_LOCAL_SPACE_BASE: 1>,0.0,False,,保留候选,叠加素材；先核对Additive类型与基准姿态
Ability_R_Jog_Fwd,/Game/ParagonCountess/Characters/Heroes/Countess/Animations/Ability_R_Jog_Fwd.Ability_R_Jog_Fwd,AnimSequence,1.8,54,1.0,<AdditiveAnimationType.AAT_NONE: 0>,0.0,False,,保留候选,首版未选入；可用于后续移动细化或扩展动作
Ability_R_Jog_Fwd_MSA,/Game/ParagonCountess/Characters/Heroes/Countess/Animations/Ability_R_Jog_Fwd_MSA.Ability_R_Jog_Fwd_MSA,AnimSequence,1.8,54,1.0,<AdditiveAnimationType.AAT_LOCAL_SPACE_BASE: 1>,0.0,False,,保留候选,叠加素材；先核对Additive类型与基准姿态
Ability_R_target,/Game/ParagonCountess/Characters/Heroes/Countess/Animations/Ability_R_target.Ability_R_target,AnimSequence,0.0333,1,1.0,<AdditiveAnimationType.AAT_NONE: 0>,0.0,False,,姿态参考,单帧定姿，不作为完整攻击
Ability_R_target_additive,/Game/ParagonCountess/Characters/Heroes/Countess/Animations/Ability_R_target_additive.Ability_R_target_additive,AnimSequence,0.0333,1,1.0,<AdditiveAnimationType.AAT_LOCAL_SPACE_BASE: 1>,0.0,False,,姿态参考,单帧定姿，不作为完整攻击
Ability_R_target_transition,/Game/ParagonCountess/Characters/Heroes/Countess/Animations/Ability_R_target_transition.Ability_R_target_transition,AnimSequence,0.8,24,1.0,<AdditiveAnimationType.AAT_NONE: 0>,0.0,False,,保留候选,首版未选入；可用于后续移动细化或扩展动作
Ability_R_target_transition_MSA,/Game/ParagonCountess/Characters/Heroes/Countess/Animations/Ability_R_target_transition_MSA.Ability_R_target_transition_MSA,AnimSequence,0.8,24,1.0,<AdditiveAnimationType.AAT_LOCAL_SPACE_BASE: 1>,0.0,False,,保留候选,叠加素材；先核对Additive类型与基准姿态
Ability_RMB,/Game/ParagonCountess/Characters/Heroes/Countess/Animations/Ability_RMB.Ability_RMB,AnimSequence,1.3333,40,1.0,<AdditiveAnimationType.AAT_NONE: 0>,0.0,False,,首版使用,影袭斩
Ability_RMB_InMotion,/Game/ParagonCountess/Characters/Heroes/Countess/Animations/Ability_RMB_InMotion.Ability_RMB_InMotion,AnimSequence,1.3333,40,1.0,<AdditiveAnimationType.AAT_NONE: 0>,0.0,False,,保留候选,首版未选入；可用于后续移动细化或扩展动作
Ability_RMB_InMotion_MSA,/Game/ParagonCountess/Characters/Heroes/Countess/Animations/Ability_RMB_InMotion_MSA.Ability_RMB_InMotion_MSA,AnimSequence,1.3333,40,1.0,<AdditiveAnimationType.AAT_LOCAL_SPACE_BASE: 1>,0.0,False,,保留候选,叠加素材；先核对Additive类型与基准姿态
Ability_Ultimate,/Game/ParagonCountess/Characters/Heroes/Countess/Animations/Ability_Ultimate.Ability_Ultimate,AnimSequence,3.1667,95,1.0,<AdditiveAnimationType.AAT_NONE: 0>,0.0,False,,首版使用,第二阶段血宴跃斩
Ability_Ultimate_InMotion,/Game/ParagonCountess/Characters/Heroes/Countess/Animations/Ability_Ultimate_InMotion.Ability_Ultimate_InMotion,AnimSequence,3.1667,95,1.0,<AdditiveAnimationType.AAT_NONE: 0>,0.0,False,,保留候选,首版未选入；可用于后续移动细化或扩展动作
Ability_Ultimate_MSA,/Game/ParagonCountess/Characters/Heroes/Countess/Animations/Ability_Ultimate_MSA.Ability_Ultimate_MSA,AnimSequence,3.1667,95,1.0,<AdditiveAnimationType.AAT_LOCAL_SPACE_BASE: 1>,0.0,False,,保留候选,叠加素材；先核对Additive类型与基准姿态
AimOffsets/Idle_AO,/Game/ParagonCountess/Characters/Heroes/Countess/Animations/AimOffsets/Idle_AO.Idle_AO,AimOffsetBlendSpace,,,,,,,,保留候选,首版未选入；可用于后续移动细化或扩展动作
AimOffsets/Idle_AO_CC,/Game/ParagonCountess/Characters/Heroes/Countess/Animations/AimOffsets/Idle_AO_CC.Idle_AO_CC,AnimSequence,0.0333,1,1.0,<AdditiveAnimationType.AAT_ROTATION_OFFSET_MESH_SPACE: 2>,0.0,False,,姿态参考,单帧定姿，不作为完整攻击
AimOffsets/Idle_AO_CD,/Game/ParagonCountess/Characters/Heroes/Countess/Animations/AimOffsets/Idle_AO_CD.Idle_AO_CD,AnimSequence,0.0333,1,1.0,<AdditiveAnimationType.AAT_ROTATION_OFFSET_MESH_SPACE: 2>,0.0,False,,姿态参考,单帧定姿，不作为完整攻击
AimOffsets/Idle_AO_CU,/Game/ParagonCountess/Characters/Heroes/Countess/Animations/AimOffsets/Idle_AO_CU.Idle_AO_CU,AnimSequence,0.0333,1,1.0,<AdditiveAnimationType.AAT_ROTATION_OFFSET_MESH_SPACE: 2>,0.0,False,,姿态参考,单帧定姿，不作为完整攻击
AimOffsets/Idle_AO_LBC,/Game/ParagonCountess/Characters/Heroes/Countess/Animations/AimOffsets/Idle_AO_LBC.Idle_AO_LBC,AnimSequence,0.0333,1,1.0,<AdditiveAnimationType.AAT_ROTATION_OFFSET_MESH_SPACE: 2>,0.0,False,,姿态参考,单帧定姿，不作为完整攻击
AimOffsets/Idle_AO_LBD,/Game/ParagonCountess/Characters/Heroes/Countess/Animations/AimOffsets/Idle_AO_LBD.Idle_AO_LBD,AnimSequence,0.0333,1,1.0,<AdditiveAnimationType.AAT_ROTATION_OFFSET_MESH_SPACE: 2>,0.0,False,,姿态参考,单帧定姿，不作为完整攻击
AimOffsets/Idle_AO_LBU,/Game/ParagonCountess/Characters/Heroes/Countess/Animations/AimOffsets/Idle_AO_LBU.Idle_AO_LBU,AnimSequence,0.0333,1,1.0,<AdditiveAnimationType.AAT_ROTATION_OFFSET_MESH_SPACE: 2>,0.0,False,,姿态参考,单帧定姿，不作为完整攻击
AimOffsets/Idle_AO_LC,/Game/ParagonCountess/Characters/Heroes/Countess/Animations/AimOffsets/Idle_AO_LC.Idle_AO_LC,AnimSequence,0.0333,1,1.0,<AdditiveAnimationType.AAT_ROTATION_OFFSET_MESH_SPACE: 2>,0.0,False,,姿态参考,单帧定姿，不作为完整攻击
AimOffsets/Idle_AO_LD,/Game/ParagonCountess/Characters/Heroes/Countess/Animations/AimOffsets/Idle_AO_LD.Idle_AO_LD,AnimSequence,0.0333,1,1.0,<AdditiveAnimationType.AAT_ROTATION_OFFSET_MESH_SPACE: 2>,0.0,False,,姿态参考,单帧定姿，不作为完整攻击
AimOffsets/Idle_AO_LU,/Game/ParagonCountess/Characters/Heroes/Countess/Animations/AimOffsets/Idle_AO_LU.Idle_AO_LU,AnimSequence,0.0333,1,1.0,<AdditiveAnimationType.AAT_ROTATION_OFFSET_MESH_SPACE: 2>,0.0,False,,姿态参考,单帧定姿，不作为完整攻击
AimOffsets/Idle_AO_RBC,/Game/ParagonCountess/Characters/Heroes/Countess/Animations/AimOffsets/Idle_AO_RBC.Idle_AO_RBC,AnimSequence,0.0333,1,1.0,<AdditiveAnimationType.AAT_ROTATION_OFFSET_MESH_SPACE: 2>,0.0,False,,姿态参考,单帧定姿，不作为完整攻击
AimOffsets/Idle_AO_RBD,/Game/ParagonCountess/Characters/Heroes/Countess/Animations/AimOffsets/Idle_AO_RBD.Idle_AO_RBD,AnimSequence,0.0333,1,1.0,<AdditiveAnimationType.AAT_ROTATION_OFFSET_MESH_SPACE: 2>,0.0,False,,姿态参考,单帧定姿，不作为完整攻击
AimOffsets/Idle_AO_RBU,/Game/ParagonCountess/Characters/Heroes/Countess/Animations/AimOffsets/Idle_AO_RBU.Idle_AO_RBU,AnimSequence,0.0333,1,1.0,<AdditiveAnimationType.AAT_ROTATION_OFFSET_MESH_SPACE: 2>,0.0,False,,姿态参考,单帧定姿，不作为完整攻击
AimOffsets/Idle_AO_RC,/Game/ParagonCountess/Characters/Heroes/Countess/Animations/AimOffsets/Idle_AO_RC.Idle_AO_RC,AnimSequence,0.0333,1,1.0,<AdditiveAnimationType.AAT_ROTATION_OFFSET_MESH_SPACE: 2>,0.0,False,,姿态参考,单帧定姿，不作为完整攻击
AimOffsets/Idle_AO_RD,/Game/ParagonCountess/Characters/Heroes/Countess/Animations/AimOffsets/Idle_AO_RD.Idle_AO_RD,AnimSequence,0.0333,1,1.0,<AdditiveAnimationType.AAT_ROTATION_OFFSET_MESH_SPACE: 2>,0.0,False,,姿态参考,单帧定姿，不作为完整攻击
AimOffsets/Idle_AO_RU,/Game/ParagonCountess/Characters/Heroes/Countess/Animations/AimOffsets/Idle_AO_RU.Idle_AO_RU,AnimSequence,0.0333,1,1.0,<AdditiveAnimationType.AAT_ROTATION_OFFSET_MESH_SPACE: 2>,0.0,False,,姿态参考,单帧定姿，不作为完整攻击
AimOffsets/TravelMode_AO,/Game/ParagonCountess/Characters/Heroes/Countess/Animations/AimOffsets/TravelMode_AO.TravelMode_AO,AimOffsetBlendSpace,,,,,,,,保留候选,首版未选入；可用于后续移动细化或扩展动作
AimOffsets/TravelMode_AO_CC,/Game/ParagonCountess/Characters/Heroes/Countess/Animations/AimOffsets/TravelMode_AO_CC.TravelMode_AO_CC,AnimSequence,0.0333,1,1.0,<AdditiveAnimationType.AAT_ROTATION_OFFSET_MESH_SPACE: 2>,0.0,False,,姿态参考,单帧定姿，不作为完整攻击
AimOffsets/TravelMode_AO_CD,/Game/ParagonCountess/Characters/Heroes/Countess/Animations/AimOffsets/TravelMode_AO_CD.TravelMode_AO_CD,AnimSequence,0.0333,1,1.0,<AdditiveAnimationType.AAT_ROTATION_OFFSET_MESH_SPACE: 2>,0.0,False,,姿态参考,单帧定姿，不作为完整攻击
AimOffsets/TravelMode_AO_CU,/Game/ParagonCountess/Characters/Heroes/Countess/Animations/AimOffsets/TravelMode_AO_CU.TravelMode_AO_CU,AnimSequence,0.0333,1,1.0,<AdditiveAnimationType.AAT_ROTATION_OFFSET_MESH_SPACE: 2>,0.0,False,,姿态参考,单帧定姿，不作为完整攻击
AimOffsets/TravelMode_AO_LBC,/Game/ParagonCountess/Characters/Heroes/Countess/Animations/AimOffsets/TravelMode_AO_LBC.TravelMode_AO_LBC,AnimSequence,0.0333,1,1.0,<AdditiveAnimationType.AAT_ROTATION_OFFSET_MESH_SPACE: 2>,0.0,False,,姿态参考,单帧定姿，不作为完整攻击
AimOffsets/TravelMode_AO_LBD,/Game/ParagonCountess/Characters/Heroes/Countess/Animations/AimOffsets/TravelMode_AO_LBD.TravelMode_AO_LBD,AnimSequence,0.0333,1,1.0,<AdditiveAnimationType.AAT_ROTATION_OFFSET_MESH_SPACE: 2>,0.0,False,,姿态参考,单帧定姿，不作为完整攻击
AimOffsets/TravelMode_AO_LBU,/Game/ParagonCountess/Characters/Heroes/Countess/Animations/AimOffsets/TravelMode_AO_LBU.TravelMode_AO_LBU,AnimSequence,0.0333,1,1.0,<AdditiveAnimationType.AAT_ROTATION_OFFSET_MESH_SPACE: 2>,0.0,False,,姿态参考,单帧定姿，不作为完整攻击
AimOffsets/TravelMode_AO_LC,/Game/ParagonCountess/Characters/Heroes/Countess/Animations/AimOffsets/TravelMode_AO_LC.TravelMode_AO_LC,AnimSequence,0.0333,1,1.0,<AdditiveAnimationType.AAT_ROTATION_OFFSET_MESH_SPACE: 2>,0.0,False,,姿态参考,单帧定姿，不作为完整攻击
AimOffsets/TravelMode_AO_LD,/Game/ParagonCountess/Characters/Heroes/Countess/Animations/AimOffsets/TravelMode_AO_LD.TravelMode_AO_LD,AnimSequence,0.0333,1,1.0,<AdditiveAnimationType.AAT_ROTATION_OFFSET_MESH_SPACE: 2>,0.0,False,,姿态参考,单帧定姿，不作为完整攻击
AimOffsets/TravelMode_AO_LU,/Game/ParagonCountess/Characters/Heroes/Countess/Animations/AimOffsets/TravelMode_AO_LU.TravelMode_AO_LU,AnimSequence,0.0333,1,1.0,<AdditiveAnimationType.AAT_ROTATION_OFFSET_MESH_SPACE: 2>,0.0,False,,姿态参考,单帧定姿，不作为完整攻击
AimOffsets/TravelMode_AO_RBC,/Game/ParagonCountess/Characters/Heroes/Countess/Animations/AimOffsets/TravelMode_AO_RBC.TravelMode_AO_RBC,AnimSequence,0.0333,1,1.0,<AdditiveAnimationType.AAT_ROTATION_OFFSET_MESH_SPACE: 2>,0.0,False,,姿态参考,单帧定姿，不作为完整攻击
AimOffsets/TravelMode_AO_RBD,/Game/ParagonCountess/Characters/Heroes/Countess/Animations/AimOffsets/TravelMode_AO_RBD.TravelMode_AO_RBD,AnimSequence,0.0333,1,1.0,<AdditiveAnimationType.AAT_ROTATION_OFFSET_MESH_SPACE: 2>,0.0,False,,姿态参考,单帧定姿，不作为完整攻击
AimOffsets/TravelMode_AO_RBU,/Game/ParagonCountess/Characters/Heroes/Countess/Animations/AimOffsets/TravelMode_AO_RBU.TravelMode_AO_RBU,AnimSequence,0.0333,1,1.0,<AdditiveAnimationType.AAT_ROTATION_OFFSET_MESH_SPACE: 2>,0.0,False,,姿态参考,单帧定姿，不作为完整攻击
AimOffsets/TravelMode_AO_RC,/Game/ParagonCountess/Characters/Heroes/Countess/Animations/AimOffsets/TravelMode_AO_RC.TravelMode_AO_RC,AnimSequence,0.0333,1,1.0,<AdditiveAnimationType.AAT_ROTATION_OFFSET_MESH_SPACE: 2>,0.0,False,,姿态参考,单帧定姿，不作为完整攻击
AimOffsets/TravelMode_AO_RD,/Game/ParagonCountess/Characters/Heroes/Countess/Animations/AimOffsets/TravelMode_AO_RD.TravelMode_AO_RD,AnimSequence,0.0333,1,1.0,<AdditiveAnimationType.AAT_ROTATION_OFFSET_MESH_SPACE: 2>,0.0,False,,姿态参考,单帧定姿，不作为完整攻击
AimOffsets/TravelMode_AO_RU,/Game/ParagonCountess/Characters/Heroes/Countess/Animations/AimOffsets/TravelMode_AO_RU.TravelMode_AO_RU,AnimSequence,0.0333,1,1.0,<AdditiveAnimationType.AAT_ROTATION_OFFSET_MESH_SPACE: 2>,0.0,False,,姿态参考,单帧定姿，不作为完整攻击
Attack_Melee_Air,/Game/ParagonCountess/Characters/Heroes/Countess/Animations/Attack_Melee_Air.Attack_Melee_Air,AnimSequence,1.0333,31,1.0,<AdditiveAnimationType.AAT_NONE: 0>,0.0,False,,保留候选,首版未选入；可用于后续移动细化或扩展动作
Attack_Melee_Air_MSA,/Game/ParagonCountess/Characters/Heroes/Countess/Animations/Attack_Melee_Air_MSA.Attack_Melee_Air_MSA,AnimSequence,1.0333,31,1.0,<AdditiveAnimationType.AAT_ROTATION_OFFSET_MESH_SPACE: 2>,0.0,False,,保留候选,叠加素材；先核对Additive类型与基准姿态
Blendspaces/JogBwdSlopeLean,/Game/ParagonCountess/Characters/Heroes/Countess/Animations/Blendspaces/JogBwdSlopeLean.JogBwdSlopeLean,BlendSpace,,,,,,,,保留候选,首版未选入；可用于后续移动细化或扩展动作
Blendspaces/JogFwdSlopeLean,/Game/ParagonCountess/Characters/Heroes/Countess/Animations/Blendspaces/JogFwdSlopeLean.JogFwdSlopeLean,BlendSpace,,,,,,,,保留候选,首版未选入；可用于后续移动细化或扩展动作
Blendspaces/JogLeftSlopeLean,/Game/ParagonCountess/Characters/Heroes/Countess/Animations/Blendspaces/JogLeftSlopeLean.JogLeftSlopeLean,BlendSpace,,,,,,,,保留候选,首版未选入；可用于后续移动细化或扩展动作
Blendspaces/JogRightSlopeLean,/Game/ParagonCountess/Characters/Heroes/Countess/Animations/Blendspaces/JogRightSlopeLean.JogRightSlopeLean,BlendSpace,,,,,,,,保留候选,首版未选入；可用于后续移动细化或扩展动作
Blendspaces/SprintBwdSlopeLean,/Game/ParagonCountess/Characters/Heroes/Countess/Animations/Blendspaces/SprintBwdSlopeLean.SprintBwdSlopeLean,BlendSpace,,,,,,,,保留候选,首版未选入；可用于后续移动细化或扩展动作
Blendspaces/SprintFwdSlopeLean,/Game/ParagonCountess/Characters/Heroes/Countess/Animations/Blendspaces/SprintFwdSlopeLean.SprintFwdSlopeLean,BlendSpace,,,,,,,,保留候选,首版未选入；可用于后续移动细化或扩展动作
Blendspaces/SprintLeftSlopeLean,/Game/ParagonCountess/Characters/Heroes/Countess/Animations/Blendspaces/SprintLeftSlopeLean.SprintLeftSlopeLean,BlendSpace,,,,,,,,保留候选,首版未选入；可用于后续移动细化或扩展动作
Blendspaces/SprintRightSlopeLean,/Game/ParagonCountess/Characters/Heroes/Countess/Animations/Blendspaces/SprintRightSlopeLean.SprintRightSlopeLean,BlendSpace,,,,,,,,保留候选,首版未选入；可用于后续移动细化或扩展动作
Blendspaces/TurnInPlace,/Game/ParagonCountess/Characters/Heroes/Countess/Animations/Blendspaces/TurnInPlace.TurnInPlace,BlendSpace1D,,,,,,,,保留候选,首版未选入；可用于后续移动细化或扩展动作
Bound,/Game/ParagonCountess/Characters/Heroes/Countess/Animations/Bound.Bound,AnimSequence,0.0333,1,1.0,<AdditiveAnimationType.AAT_NONE: 0>,0.0,False,,姿态参考,单帧定姿，不作为完整攻击
Cast,/Game/ParagonCountess/Characters/Heroes/Countess/Animations/Cast.Cast,AnimSequence,1.1333,34,1.0,<AdditiveAnimationType.AAT_NONE: 0>,0.0,False,,首版使用,转阶段
Cast_MSA,/Game/ParagonCountess/Characters/Heroes/Countess/Animations/Cast_MSA.Cast_MSA,AnimSequence,1.1333,34,1.0,<AdditiveAnimationType.AAT_ROTATION_OFFSET_MESH_SPACE: 2>,0.0,False,,保留候选,叠加素材；先核对Additive类型与基准姿态
Death,/Game/ParagonCountess/Characters/Heroes/Countess/Animations/Death.Death,AnimSequence,1.6667,50,1.0,<AdditiveAnimationType.AAT_NONE: 0>,0.0,False,,首版使用,死亡并保持末帧
Emote_70sDance,/Game/ParagonCountess/Characters/Heroes/Countess/Animations/Emote_70sDance.Emote_70sDance,AnimSequence,6.3,189,1.0,<AdditiveAnimationType.AAT_NONE: 0>,0.0,False,,保留候选,首版未选入；可用于后续移动细化或扩展动作
Emote_70sDance_Intro,/Game/ParagonCountess/Characters/Heroes/Countess/Animations/Emote_70sDance_Intro.Emote_70sDance_Intro,AnimSequence,1.8667,56,1.0,<AdditiveAnimationType.AAT_NONE: 0>,0.0,False,,保留候选,首版未选入；可用于后续移动细化或扩展动作
Emote_70sDance_Loop,/Game/ParagonCountess/Characters/Heroes/Countess/Animations/Emote_70sDance_Loop.Emote_70sDance_Loop,AnimSequence,2.4,72,1.0,<AdditiveAnimationType.AAT_NONE: 0>,0.0,False,,保留候选,首版未选入；可用于后续移动细化或扩展动作
Emote_70sDance_Outro,/Game/ParagonCountess/Characters/Heroes/Countess/Animations/Emote_70sDance_Outro.Emote_70sDance_Outro,AnimSequence,2.0333,61,1.0,<AdditiveAnimationType.AAT_NONE: 0>,0.0,False,,保留候选,首版未选入；可用于后续移动细化或扩展动作
Emote_Laugh,/Game/ParagonCountess/Characters/Heroes/Countess/Animations/Emote_Laugh.Emote_Laugh,AnimSequence,7.5333,226,1.0,<AdditiveAnimationType.AAT_NONE: 0>,0.0,False,,保留候选,首版未选入；可用于后续移动细化或扩展动作
Emote_Taunt_Nope,/Game/ParagonCountess/Characters/Heroes/Countess/Animations/Emote_Taunt_Nope.Emote_Taunt_Nope,AnimSequence,8.7,261,1.0,<AdditiveAnimationType.AAT_NONE: 0>,0.0,False,,保留候选,首版未选入；可用于后续移动细化或扩展动作
EmoteALT_Master_SeductiveScare_T3,/Game/ParagonCountess/Characters/Heroes/Countess/Animations/EmoteALT_Master_SeductiveScare_T3.EmoteALT_Master_SeductiveScare_T3,AnimSequence,11.6667,350,1.0,<AdditiveAnimationType.AAT_NONE: 0>,0.0,False,,保留候选,首版未选入；可用于后续移动细化或扩展动作
FrontEndPose,/Game/ParagonCountess/Characters/Heroes/Countess/Animations/FrontEndPose.FrontEndPose,AnimSequence,7.5,225,0.8999999761581421,<AdditiveAnimationType.AAT_NONE: 0>,0.0,False,,保留候选,首版未选入；可用于后续移动细化或扩展动作
Hitreact_Bwd,/Game/ParagonCountess/Characters/Heroes/Countess/Animations/Hitreact_Bwd.Hitreact_Bwd,AnimSequence,1.0,30,1.0,<AdditiveAnimationType.AAT_LOCAL_SPACE_BASE: 1>,0.0,False,,首版使用,方向性局部叠加受击
Hitreact_Fwd,/Game/ParagonCountess/Characters/Heroes/Countess/Animations/Hitreact_Fwd.Hitreact_Fwd,AnimSequence,1.0,30,1.0,<AdditiveAnimationType.AAT_LOCAL_SPACE_BASE: 1>,0.0,False,,首版使用,方向性局部叠加受击
Hitreact_Left,/Game/ParagonCountess/Characters/Heroes/Countess/Animations/Hitreact_Left.Hitreact_Left,AnimSequence,1.0,30,1.0,<AdditiveAnimationType.AAT_LOCAL_SPACE_BASE: 1>,0.0,False,,首版使用,方向性局部叠加受击
Hitreact_Right,/Game/ParagonCountess/Characters/Heroes/Countess/Animations/Hitreact_Right.Hitreact_Right,AnimSequence,1.0,30,1.0,<AdditiveAnimationType.AAT_LOCAL_SPACE_BASE: 1>,0.0,False,,首版使用,方向性局部叠加受击
Idle_Additive,/Game/ParagonCountess/Characters/Heroes/Countess/Animations/Idle_Additive.Idle_Additive,AnimSequence,7.5,225,1.0,<AdditiveAnimationType.AAT_LOCAL_SPACE_BASE: 1>,0.0,False,,保留候选,叠加素材；先核对Additive类型与基准姿态
Idle_Facial,/Game/ParagonCountess/Characters/Heroes/Countess/Animations/Idle_Facial.Idle_Facial,AnimSequence,7.5,225,1.0,<AdditiveAnimationType.AAT_NONE: 0>,0.0,False,,保留候选,首版未选入；可用于后续移动细化或扩展动作
Idle_Pose,/Game/ParagonCountess/Characters/Heroes/Countess/Animations/Idle_Pose.Idle_Pose,AnimSequence,7.5,225,1.0,<AdditiveAnimationType.AAT_NONE: 0>,0.0,False,,首版使用,战斗待机
Idle_Relaxed,/Game/ParagonCountess/Characters/Heroes/Countess/Animations/Idle_Relaxed.Idle_Relaxed,AnimSequence,42.3333,1270,1.0,<AdditiveAnimationType.AAT_NONE: 0>,0.0,False,,首版使用,脱战待机
Idle_Straight,/Game/ParagonCountess/Characters/Heroes/Countess/Animations/Idle_Straight.Idle_Straight,AnimSequence,7.5,225,1.0,<AdditiveAnimationType.AAT_NONE: 0>,0.0,False,,保留候选,首版未选入；可用于后续移动细化或扩展动作
Idle_TravelMode_Additive,/Game/ParagonCountess/Characters/Heroes/Countess/Animations/Idle_TravelMode_Additive.Idle_TravelMode_Additive,AnimSequence,7.5,225,1.0,<AdditiveAnimationType.AAT_LOCAL_SPACE_BASE: 1>,0.0,False,,保留候选,叠加素材；先核对Additive类型与基准姿态
Idle_TravelMode_Pose,/Game/ParagonCountess/Characters/Heroes/Countess/Animations/Idle_TravelMode_Pose.Idle_TravelMode_Pose,AnimSequence,7.5,225,1.0,<AdditiveAnimationType.AAT_NONE: 0>,0.0,False,,保留候选,首版未选入；可用于后续移动细化或扩展动作
Jog_Bwd,/Game/ParagonCountess/Characters/Heroes/Countess/Animations/Jog_Bwd.Jog_Bwd,AnimSequence,0.7,21,1.0,<AdditiveAnimationType.AAT_NONE: 0>,0.0,False,,保留候选,首版未选入；可用于后续移动细化或扩展动作
Jog_Bwd_CircleLeft,/Game/ParagonCountess/Characters/Heroes/Countess/Animations/Jog_Bwd_CircleLeft.Jog_Bwd_CircleLeft,AnimSequence,0.7,21,1.0,<AdditiveAnimationType.AAT_NONE: 0>,0.0,False,,保留候选,首版未选入；可用于后续移动细化或扩展动作
Jog_Bwd_CircleRight,/Game/ParagonCountess/Characters/Heroes/Countess/Animations/Jog_Bwd_CircleRight.Jog_Bwd_CircleRight,AnimSequence,0.7,21,1.0,<AdditiveAnimationType.AAT_NONE: 0>,0.0,False,,保留候选,首版未选入；可用于后续移动细化或扩展动作
Jog_Bwd_Combat,/Game/ParagonCountess/Characters/Heroes/Countess/Animations/Jog_Bwd_Combat.Jog_Bwd_Combat,AnimSequence,0.6667,20,1.0,<AdditiveAnimationType.AAT_NONE: 0>,0.0,False,,首版使用,四向战斗移动
Jog_Bwd_Pivot,/Game/ParagonCountess/Characters/Heroes/Countess/Animations/Jog_Bwd_Pivot.Jog_Bwd_Pivot,AnimSequence,3.0667,92,1.0,<AdditiveAnimationType.AAT_NONE: 0>,0.0,False,,保留候选,首版未选入；可用于后续移动细化或扩展动作
Jog_Bwd_Start,/Game/ParagonCountess/Characters/Heroes/Countess/Animations/Jog_Bwd_Start.Jog_Bwd_Start,AnimSequence,0.7333,22,1.0,<AdditiveAnimationType.AAT_NONE: 0>,0.0,False,,保留候选,首版未选入；可用于后续移动细化或扩展动作
Jog_Bwd_Stop,/Game/ParagonCountess/Characters/Heroes/Countess/Animations/Jog_Bwd_Stop.Jog_Bwd_Stop,AnimSequence,2.1,63,1.0,<AdditiveAnimationType.AAT_NONE: 0>,0.0,False,,保留候选,首版未选入；可用于后续移动细化或扩展动作
Jog_BwdToFwd_SpinCCW,/Game/ParagonCountess/Characters/Heroes/Countess/Animations/Jog_BwdToFwd_SpinCCW.Jog_BwdToFwd_SpinCCW,AnimSequence,1.6667,50,1.0,<AdditiveAnimationType.AAT_NONE: 0>,0.0,False,,保留候选,首版未选入；可用于后续移动细化或扩展动作
Jog_BwdToFwd_SpinCW,/Game/ParagonCountess/Characters/Heroes/Countess/Animations/Jog_BwdToFwd_SpinCW.Jog_BwdToFwd_SpinCW,AnimSequence,1.7667,53,1.0,<AdditiveAnimationType.AAT_NONE: 0>,0.0,False,,保留候选,首版未选入；可用于后续移动细化或扩展动作
Jog_Downhill_Bwd,/Game/ParagonCountess/Characters/Heroes/Countess/Animations/Jog_Downhill_Bwd.Jog_Downhill_Bwd,AnimSequence,0.5667,17,1.0,<AdditiveAnimationType.AAT_NONE: 0>,0.0,False,,保留候选,首版未选入；可用于后续移动细化或扩展动作
Jog_Downhill_Fwd,/Game/ParagonCountess/Characters/Heroes/Countess/Animations/Jog_Downhill_Fwd.Jog_Downhill_Fwd,AnimSequence,1.6333,49,1.0,<AdditiveAnimationType.AAT_NONE: 0>,0.0,False,,保留候选,首版未选入；可用于后续移动细化或扩展动作
Jog_Downhill_Left,/Game/ParagonCountess/Characters/Heroes/Countess/Animations/Jog_Downhill_Left.Jog_Downhill_Left,AnimSequence,0.5667,17,1.0,<AdditiveAnimationType.AAT_NONE: 0>,0.0,False,,保留候选,首版未选入；可用于后续移动细化或扩展动作
Jog_Fwd,/Game/ParagonCountess/Characters/Heroes/Countess/Animations/Jog_Fwd.Jog_Fwd,AnimSequence,1.8,54,1.0,<AdditiveAnimationType.AAT_NONE: 0>,0.0,False,,保留候选,首版未选入；可用于后续移动细化或扩展动作
Jog_Fwd_CircleLeft,/Game/ParagonCountess/Characters/Heroes/Countess/Animations/Jog_Fwd_CircleLeft.Jog_Fwd_CircleLeft,AnimSequence,1.8,54,1.0,<AdditiveAnimationType.AAT_NONE: 0>,0.0,False,,保留候选,首版未选入；可用于后续移动细化或扩展动作
Jog_Fwd_CircleRight,/Game/ParagonCountess/Characters/Heroes/Countess/Animations/Jog_Fwd_CircleRight.Jog_Fwd_CircleRight,AnimSequence,1.8,54,1.0,<AdditiveAnimationType.AAT_NONE: 0>,0.0,False,,保留候选,首版未选入；可用于后续移动细化或扩展动作
Jog_Fwd_Combat,/Game/ParagonCountess/Characters/Heroes/Countess/Animations/Jog_Fwd_Combat.Jog_Fwd_Combat,AnimSequence,1.8,54,1.0,<AdditiveAnimationType.AAT_NONE: 0>,0.0,False,,首版使用,四向战斗移动
Jog_Fwd_Pivot,/Game/ParagonCountess/Characters/Heroes/Countess/Animations/Jog_Fwd_Pivot.Jog_Fwd_Pivot,AnimSequence,2.6199,78,1.0,<AdditiveAnimationType.AAT_NONE: 0>,0.0,False,,保留候选,首版未选入；可用于后续移动细化或扩展动作
Jog_Fwd_Start,/Game/ParagonCountess/Characters/Heroes/Countess/Animations/Jog_Fwd_Start.Jog_Fwd_Start,AnimSequence,1.2667,38,1.0,<AdditiveAnimationType.AAT_NONE: 0>,0.0,False,,保留候选,首版未选入；可用于后续移动细化或扩展动作
Jog_Fwd_Stop,/Game/ParagonCountess/Characters/Heroes/Countess/Animations/Jog_Fwd_Stop.Jog_Fwd_Stop,AnimSequence,2.1,63,1.0,<AdditiveAnimationType.AAT_NONE: 0>,0.0,False,,保留候选,首版未选入；可用于后续移动细化或扩展动作
Jog_FwdToBwd_SpinCCW,/Game/ParagonCountess/Characters/Heroes/Countess/Animations/Jog_FwdToBwd_SpinCCW.Jog_FwdToBwd_SpinCCW,AnimSequence,2.3,69,1.0,<AdditiveAnimationType.AAT_NONE: 0>,0.0,False,,保留候选,首版未选入；可用于后续移动细化或扩展动作
Jog_FwdToBwd_SpinCW,/Game/ParagonCountess/Characters/Heroes/Countess/Animations/Jog_FwdToBwd_SpinCW.Jog_FwdToBwd_SpinCW,AnimSequence,1.5667,47,1.0,<AdditiveAnimationType.AAT_NONE: 0>,0.0,False,,保留候选,首版未选入；可用于后续移动细化或扩展动作
Jog_Left,/Game/ParagonCountess/Characters/Heroes/Countess/Animations/Jog_Left.Jog_Left,AnimSequence,0.7,21,1.0,<AdditiveAnimationType.AAT_NONE: 0>,0.0,False,,保留候选,首版未选入；可用于后续移动细化或扩展动作
Jog_Left_CircleLeft,/Game/ParagonCountess/Characters/Heroes/Countess/Animations/Jog_Left_CircleLeft.Jog_Left_CircleLeft,AnimSequence,0.7,21,1.0,<AdditiveAnimationType.AAT_NONE: 0>,0.0,False,,保留候选,首版未选入；可用于后续移动细化或扩展动作
Jog_Left_CircleRight,/Game/ParagonCountess/Characters/Heroes/Countess/Animations/Jog_Left_CircleRight.Jog_Left_CircleRight,AnimSequence,0.7,21,1.0,<AdditiveAnimationType.AAT_NONE: 0>,0.0,False,,保留候选,首版未选入；可用于后续移动细化或扩展动作
Jog_Left_Combat,/Game/ParagonCountess/Characters/Heroes/Countess/Animations/Jog_Left_Combat.Jog_Left_Combat,AnimSequence,2.0333,61,1.0,<AdditiveAnimationType.AAT_NONE: 0>,0.0,False,,首版使用,四向战斗移动
Jog_Left_Pivot,/Game/ParagonCountess/Characters/Heroes/Countess/Animations/Jog_Left_Pivot.Jog_Left_Pivot,AnimSequence,2.7667,83,1.0,<AdditiveAnimationType.AAT_NONE: 0>,0.0,False,,保留候选,首版未选入；可用于后续移动细化或扩展动作
Jog_Left_Start,/Game/ParagonCountess/Characters/Heroes/Countess/Animations/Jog_Left_Start.Jog_Left_Start,AnimSequence,0.7333,22,1.0,<AdditiveAnimationType.AAT_NONE: 0>,0.0,False,,保留候选,首版未选入；可用于后续移动细化或扩展动作
Jog_Left_Stop,/Game/ParagonCountess/Characters/Heroes/Countess/Animations/Jog_Left_Stop.Jog_Left_Stop,AnimSequence,2.2667,68,1.0,<AdditiveAnimationType.AAT_NONE: 0>,0.0,False,,保留候选,首版未选入；可用于后续移动细化或扩展动作
Jog_Right,/Game/ParagonCountess/Characters/Heroes/Countess/Animations/Jog_Right.Jog_Right,AnimSequence,1.8,54,1.0,<AdditiveAnimationType.AAT_NONE: 0>,0.0,False,,保留候选,首版未选入；可用于后续移动细化或扩展动作
Jog_Right_CircleLeft,/Game/ParagonCountess/Characters/Heroes/Countess/Animations/Jog_Right_CircleLeft.Jog_Right_CircleLeft,AnimSequence,1.8,54,1.0,<AdditiveAnimationType.AAT_NONE: 0>,0.0,False,,保留候选,首版未选入；可用于后续移动细化或扩展动作
Jog_Right_CircleRight,/Game/ParagonCountess/Characters/Heroes/Countess/Animations/Jog_Right_CircleRight.Jog_Right_CircleRight,AnimSequence,1.8,54,1.0,<AdditiveAnimationType.AAT_NONE: 0>,0.0,False,,保留候选,首版未选入；可用于后续移动细化或扩展动作
Jog_Right_Combat,/Game/ParagonCountess/Characters/Heroes/Countess/Animations/Jog_Right_Combat.Jog_Right_Combat,AnimSequence,2.0333,61,1.0,<AdditiveAnimationType.AAT_NONE: 0>,0.0,False,,首版使用,四向战斗移动
Jog_Right_Downhill,/Game/ParagonCountess/Characters/Heroes/Countess/Animations/Jog_Right_Downhill.Jog_Right_Downhill,AnimSequence,1.6667,50,1.0,<AdditiveAnimationType.AAT_NONE: 0>,0.0,False,,保留候选,首版未选入；可用于后续移动细化或扩展动作
Jog_Right_Pivot,/Game/ParagonCountess/Characters/Heroes/Countess/Animations/Jog_Right_Pivot.Jog_Right_Pivot,AnimSequence,3.4667,104,1.0,<AdditiveAnimationType.AAT_NONE: 0>,0.0,False,,保留候选,首版未选入；可用于后续移动细化或扩展动作
Jog_Right_Start,/Game/ParagonCountess/Characters/Heroes/Countess/Animations/Jog_Right_Start.Jog_Right_Start,AnimSequence,1.4667,44,1.0,<AdditiveAnimationType.AAT_NONE: 0>,0.0,False,,保留候选,首版未选入；可用于后续移动细化或扩展动作
Jog_Right_Stop,/Game/ParagonCountess/Characters/Heroes/Countess/Animations/Jog_Right_Stop.Jog_Right_Stop,AnimSequence,2.2333,67,1.0,<AdditiveAnimationType.AAT_NONE: 0>,0.0,False,,保留候选,首版未选入；可用于后续移动细化或扩展动作
Jog_Right_Uphill,/Game/ParagonCountess/Characters/Heroes/Countess/Animations/Jog_Right_Uphill.Jog_Right_Uphill,AnimSequence,0.5667,17,1.0,<AdditiveAnimationType.AAT_NONE: 0>,0.0,False,,保留候选,首版未选入；可用于后续移动细化或扩展动作
Jog_Uphill_Bwd,/Game/ParagonCountess/Characters/Heroes/Countess/Animations/Jog_Uphill_Bwd.Jog_Uphill_Bwd,AnimSequence,0.5667,17,1.0,<AdditiveAnimationType.AAT_NONE: 0>,0.0,False,,保留候选,首版未选入；可用于后续移动细化或扩展动作
Jog_Uphill_Fwd,/Game/ParagonCountess/Characters/Heroes/Countess/Animations/Jog_Uphill_Fwd.Jog_Uphill_Fwd,AnimSequence,1.6333,49,1.0,<AdditiveAnimationType.AAT_NONE: 0>,0.0,False,,保留候选,首版未选入；可用于后续移动细化或扩展动作
Jog_Uphill_Left,/Game/ParagonCountess/Characters/Heroes/Countess/Animations/Jog_Uphill_Left.Jog_Uphill_Left,AnimSequence,0.6,18,1.0,<AdditiveAnimationType.AAT_NONE: 0>,0.0,False,,保留候选,首版未选入；可用于后续移动细化或扩展动作
Jump_Apex,/Game/ParagonCountess/Characters/Heroes/Countess/Animations/Jump_Apex.Jump_Apex,AnimSequence,0.2667,8,1.0,<AdditiveAnimationType.AAT_NONE: 0>,0.0,False,,首版使用,意外离地
Jump_Land,/Game/ParagonCountess/Characters/Heroes/Countess/Animations/Jump_Land.Jump_Land,AnimSequence,0.1667,5,1.0,<AdditiveAnimationType.AAT_NONE: 0>,0.0,False,,首版使用,落地
Jump_Pad,/Game/ParagonCountess/Characters/Heroes/Countess/Animations/Jump_Pad.Jump_Pad,AnimSequence,2.0,60,1.0,<AdditiveAnimationType.AAT_NONE: 0>,0.0,False,,保留候选,首版未选入；可用于后续移动细化或扩展动作
Jump_Recovery,/Game/ParagonCountess/Characters/Heroes/Countess/Animations/Jump_Recovery.Jump_Recovery,AnimSequence,1.6,48,1.0,<AdditiveAnimationType.AAT_NONE: 0>,0.0,False,,保留候选,首版未选入；可用于后续移动细化或扩展动作
Jump_Recovery_Additive,/Game/ParagonCountess/Characters/Heroes/Countess/Animations/Jump_Recovery_Additive.Jump_Recovery_Additive,AnimSequence,1.6,48,1.0,<AdditiveAnimationType.AAT_LOCAL_SPACE_BASE: 1>,0.0,False,,保留候选,叠加素材；先核对Additive类型与基准姿态
Jump_Start,/Game/ParagonCountess/Characters/Heroes/Countess/Animations/Jump_Start.Jump_Start,AnimSequence,0.2667,8,1.0,<AdditiveAnimationType.AAT_NONE: 0>,0.0,False,,保留候选,首版未选入；可用于后续移动细化或扩展动作
Knock_Bwd,/Game/ParagonCountess/Characters/Heroes/Countess/Animations/Knock_Bwd.Knock_Bwd,AnimSequence,2.0,60,1.0,<AdditiveAnimationType.AAT_NONE: 0>,0.0,False,,保留候选,首版未选入；可用于后续移动细化或扩展动作
Knock_Fwd,/Game/ParagonCountess/Characters/Heroes/Countess/Animations/Knock_Fwd.Knock_Fwd,AnimSequence,2.0,60,1.0,<AdditiveAnimationType.AAT_NONE: 0>,0.0,False,,保留候选,首版未选入；可用于后续移动细化或扩展动作
LevelStart,/Game/ParagonCountess/Characters/Heroes/Countess/Animations/LevelStart.LevelStart,AnimSequence,4.9667,596,1.0,<AdditiveAnimationType.AAT_NONE: 0>,0.0,False,,首版使用,首次入场
LevelStart_Montage,/Game/ParagonCountess/Characters/Heroes/Countess/Animations/LevelStart_Montage.LevelStart_Montage,AnimMontage,4.9667,595,1.0,,,,P_Mudang_LevelStart_Heart,参考/重建,不直接复用旧Slot或玩家通知；新建Boss Montage引用原Sequence
Primary_Attack_A_Fast_V1,/Game/ParagonCountess/Characters/Heroes/Countess/Animations/Primary_Attack_A_Fast_V1.Primary_Attack_A_Fast_V1,AnimSequence,0.6,18,1.0,<AdditiveAnimationType.AAT_NONE: 0>,0.0,False,,保留候选,首版未选入；可用于后续移动细化或扩展动作
Primary_Attack_A_Fast_V1_MSA,/Game/ParagonCountess/Characters/Heroes/Countess/Animations/Primary_Attack_A_Fast_V1_MSA.Primary_Attack_A_Fast_V1_MSA,AnimSequence,0.6,18,1.0,<AdditiveAnimationType.AAT_LOCAL_SPACE_BASE: 1>,0.0,False,,保留候选,叠加素材；先核对Additive类型与基准姿态
Primary_Attack_A_Normal,/Game/ParagonCountess/Characters/Heroes/Countess/Animations/Primary_Attack_A_Normal.Primary_Attack_A_Normal,AnimSequence,0.9,27,1.0,<AdditiveAnimationType.AAT_NONE: 0>,0.0,False,,首版使用,第一/二阶段连击第1段
Primary_Attack_A_Normal_Montage,/Game/ParagonCountess/Characters/Heroes/Countess/Animations/Primary_Attack_A_Normal_Montage.Primary_Attack_A_Normal_Montage,AnimMontage,0.9,26,1.0,,,,SaveAttack / ResetCombo,参考/重建,不直接复用旧Slot或玩家通知；新建Boss Montage引用原Sequence
Primary_Attack_A_Normal_MSA,/Game/ParagonCountess/Characters/Heroes/Countess/Animations/Primary_Attack_A_Normal_MSA.Primary_Attack_A_Normal_MSA,AnimSequence,0.9,27,1.0,<AdditiveAnimationType.AAT_LOCAL_SPACE_BASE: 1>,0.0,False,,保留候选,叠加素材；先核对Additive类型与基准姿态
Primary_Attack_A_Slow,/Game/ParagonCountess/Characters/Heroes/Countess/Animations/Primary_Attack_A_Slow.Primary_Attack_A_Slow,AnimSequence,1.5,180,1.0,<AdditiveAnimationType.AAT_NONE: 0>,0.0,False,,首版使用,蓄势重斩
Primary_Attack_A_Slow_InMotion_Recovery,/Game/ParagonCountess/Characters/Heroes/Countess/Animations/Primary_Attack_A_Slow_InMotion_Recovery.Primary_Attack_A_Slow_InMotion_Recovery,AnimSequence,1.3333,40,1.0,<AdditiveAnimationType.AAT_NONE: 0>,0.0,False,,保留候选,首版未选入；可用于后续移动细化或扩展动作
Primary_Attack_A_Slow_InMotion_Recovery_MSA,/Game/ParagonCountess/Characters/Heroes/Countess/Animations/Primary_Attack_A_Slow_InMotion_Recovery_MSA.Primary_Attack_A_Slow_InMotion_Recovery_MSA,AnimSequence,1.3333,40,1.0,<AdditiveAnimationType.AAT_LOCAL_SPACE_BASE: 1>,0.0,False,,保留候选,叠加素材；先核对Additive类型与基准姿态
Primary_Attack_A_Slow_MSA,/Game/ParagonCountess/Characters/Heroes/Countess/Animations/Primary_Attack_A_Slow_MSA.Primary_Attack_A_Slow_MSA,AnimSequence,1.5,180,1.0,<AdditiveAnimationType.AAT_LOCAL_SPACE_BASE: 1>,0.0,False,,保留候选,叠加素材；先核对Additive类型与基准姿态
Primary_Attack_A_Slow_Recovery,/Game/ParagonCountess/Characters/Heroes/Countess/Animations/Primary_Attack_A_Slow_Recovery.Primary_Attack_A_Slow_Recovery,AnimSequence,1.3333,40,1.0,<AdditiveAnimationType.AAT_NONE: 0>,0.0,False,,保留候选,首版未选入；可用于后续移动细化或扩展动作
Primary_Attack_A_Slow_Recovery_MSA,/Game/ParagonCountess/Characters/Heroes/Countess/Animations/Primary_Attack_A_Slow_Recovery_MSA.Primary_Attack_A_Slow_Recovery_MSA,AnimSequence,1.3333,40,1.0,<AdditiveAnimationType.AAT_LOCAL_SPACE_BASE: 1>,0.0,False,,保留候选,叠加素材；先核对Additive类型与基准姿态
Primary_Attack_B_Fast_InMotion,/Game/ParagonCountess/Characters/Heroes/Countess/Animations/Primary_Attack_B_Fast_InMotion.Primary_Attack_B_Fast_InMotion,AnimSequence,0.4,12,1.0,<AdditiveAnimationType.AAT_NONE: 0>,0.0,False,,保留候选,首版未选入；可用于后续移动细化或扩展动作
Primary_Attack_B_Fast_InMotion_MSA,/Game/ParagonCountess/Characters/Heroes/Countess/Animations/Primary_Attack_B_Fast_InMotion_MSA.Primary_Attack_B_Fast_InMotion_MSA,AnimSequence,0.4,12,1.0,<AdditiveAnimationType.AAT_LOCAL_SPACE_BASE: 1>,0.0,False,,保留候选,叠加素材；先核对Additive类型与基准姿态
Primary_Attack_B_Normal,/Game/ParagonCountess/Characters/Heroes/Countess/Animations/Primary_Attack_B_Normal.Primary_Attack_B_Normal,AnimSequence,0.9,27,1.0,<AdditiveAnimationType.AAT_NONE: 0>,0.0,False,,首版使用,第一/二阶段连击第2段
Primary_Attack_B_Normal_InMotion,/Game/ParagonCountess/Characters/Heroes/Countess/Animations/Primary_Attack_B_Normal_InMotion.Primary_Attack_B_Normal_InMotion,AnimSequence,0.9,27,1.0,<AdditiveAnimationType.AAT_NONE: 0>,0.0,False,,保留候选,首版未选入；可用于后续移动细化或扩展动作
Primary_Attack_B_Normal_InMotion_MSA,/Game/ParagonCountess/Characters/Heroes/Countess/Animations/Primary_Attack_B_Normal_InMotion_MSA.Primary_Attack_B_Normal_InMotion_MSA,AnimSequence,0.9,27,1.0,<AdditiveAnimationType.AAT_LOCAL_SPACE_BASE: 1>,0.0,False,,保留候选,叠加素材；先核对Additive类型与基准姿态
Primary_Attack_B_Normal_Montage,/Game/ParagonCountess/Characters/Heroes/Countess/Animations/Primary_Attack_B_Normal_Montage.Primary_Attack_B_Normal_Montage,AnimMontage,0.9,26,1.0,,,,SaveAttack / ResetCombo,参考/重建,不直接复用旧Slot或玩家通知；新建Boss Montage引用原Sequence
Primary_Attack_B_Normal_MSA,/Game/ParagonCountess/Characters/Heroes/Countess/Animations/Primary_Attack_B_Normal_MSA.Primary_Attack_B_Normal_MSA,AnimSequence,0.9,27,1.0,<AdditiveAnimationType.AAT_LOCAL_SPACE_BASE: 1>,0.0,False,,保留候选,叠加素材；先核对Additive类型与基准姿态
Primary_Attack_B_Slow,/Game/ParagonCountess/Characters/Heroes/Countess/Animations/Primary_Attack_B_Slow.Primary_Attack_B_Slow,AnimSequence,1.5,45,1.0,<AdditiveAnimationType.AAT_NONE: 0>,0.0,False,,保留候选,首版未选入；可用于后续移动细化或扩展动作
Primary_Attack_B_Slow_InMotion,/Game/ParagonCountess/Characters/Heroes/Countess/Animations/Primary_Attack_B_Slow_InMotion.Primary_Attack_B_Slow_InMotion,AnimSequence,1.5,45,1.0,<AdditiveAnimationType.AAT_NONE: 0>,0.0,False,,保留候选,首版未选入；可用于后续移动细化或扩展动作
Primary_Attack_B_Slow_InMotion_MSA,/Game/ParagonCountess/Characters/Heroes/Countess/Animations/Primary_Attack_B_Slow_InMotion_MSA.Primary_Attack_B_Slow_InMotion_MSA,AnimSequence,1.5,45,1.0,<AdditiveAnimationType.AAT_LOCAL_SPACE_BASE: 1>,0.0,False,,保留候选,叠加素材；先核对Additive类型与基准姿态
Primary_Attack_B_Slow_InMotion_Recovery,/Game/ParagonCountess/Characters/Heroes/Countess/Animations/Primary_Attack_B_Slow_InMotion_Recovery.Primary_Attack_B_Slow_InMotion_Recovery,AnimSequence,1.3333,40,1.0,<AdditiveAnimationType.AAT_NONE: 0>,0.0,False,,保留候选,首版未选入；可用于后续移动细化或扩展动作
Primary_Attack_B_Slow_InMotion_Recovery_MSA,/Game/ParagonCountess/Characters/Heroes/Countess/Animations/Primary_Attack_B_Slow_InMotion_Recovery_MSA.Primary_Attack_B_Slow_InMotion_Recovery_MSA,AnimSequence,1.3333,40,1.0,<AdditiveAnimationType.AAT_LOCAL_SPACE_BASE: 1>,0.0,False,,保留候选,叠加素材；先核对Additive类型与基准姿态
Primary_Attack_B_Slow_MSA,/Game/ParagonCountess/Characters/Heroes/Countess/Animations/Primary_Attack_B_Slow_MSA.Primary_Attack_B_Slow_MSA,AnimSequence,1.5,45,1.0,<AdditiveAnimationType.AAT_LOCAL_SPACE_BASE: 1>,0.0,False,,保留候选,叠加素材；先核对Additive类型与基准姿态
Primary_Attack_B_Slow_Recovery,/Game/ParagonCountess/Characters/Heroes/Countess/Animations/Primary_Attack_B_Slow_Recovery.Primary_Attack_B_Slow_Recovery,AnimSequence,1.3333,40,1.0,<AdditiveAnimationType.AAT_NONE: 0>,0.0,False,,保留候选,首版未选入；可用于后续移动细化或扩展动作
Primary_Attack_B_Slow_Recovery_MSA,/Game/ParagonCountess/Characters/Heroes/Countess/Animations/Primary_Attack_B_Slow_Recovery_MSA.Primary_Attack_B_Slow_Recovery_MSA,AnimSequence,1.3333,40,1.0,<AdditiveAnimationType.AAT_LOCAL_SPACE_BASE: 1>,0.0,False,,保留候选,叠加素材；先核对Additive类型与基准姿态
Primary_Attack_Fast_InMotion,/Game/ParagonCountess/Characters/Heroes/Countess/Animations/Primary_Attack_Fast_InMotion.Primary_Attack_Fast_InMotion,AnimSequence,0.6,18,1.0,<AdditiveAnimationType.AAT_NONE: 0>,0.0,False,,保留候选,首版未选入；可用于后续移动细化或扩展动作
Primary_Attack_Fast_InMotion_MSA,/Game/ParagonCountess/Characters/Heroes/Countess/Animations/Primary_Attack_Fast_InMotion_MSA.Primary_Attack_Fast_InMotion_MSA,AnimSequence,0.6,18,1.0,<AdditiveAnimationType.AAT_LOCAL_SPACE_BASE: 1>,0.0,False,,保留候选,叠加素材；先核对Additive类型与基准姿态
Primary_Attack_Fast_V1,/Game/ParagonCountess/Characters/Heroes/Countess/Animations/Primary_Attack_Fast_V1.Primary_Attack_Fast_V1,AnimSequence,0.6,18,1.0,<AdditiveAnimationType.AAT_NONE: 0>,0.0,False,,保留候选,首版未选入；可用于后续移动细化或扩展动作
Primary_Attack_Fast_V1_MSA,/Game/ParagonCountess/Characters/Heroes/Countess/Animations/Primary_Attack_Fast_V1_MSA.Primary_Attack_Fast_V1_MSA,AnimSequence,0.6,18,1.0,<AdditiveAnimationType.AAT_LOCAL_SPACE_BASE: 1>,0.0,False,,保留候选,叠加素材；先核对Additive类型与基准姿态
Primary_Attack_Normal,/Game/ParagonCountess/Characters/Heroes/Countess/Animations/Primary_Attack_Normal.Primary_Attack_Normal,AnimSequence,0.9,27,1.0,<AdditiveAnimationType.AAT_NONE: 0>,0.0,False,,首版使用,第二阶段连击第3段 / 影袭后追加刀
Primary_Attack_Normal_InMotion,/Game/ParagonCountess/Characters/Heroes/Countess/Animations/Primary_Attack_Normal_InMotion.Primary_Attack_Normal_InMotion,AnimSequence,0.9,27,1.0,<AdditiveAnimationType.AAT_NONE: 0>,0.0,False,,保留候选,首版未选入；可用于后续移动细化或扩展动作
Primary_Attack_Normal_InMotion_MSA,/Game/ParagonCountess/Characters/Heroes/Countess/Animations/Primary_Attack_Normal_InMotion_MSA.Primary_Attack_Normal_InMotion_MSA,AnimSequence,0.9,27,1.0,<AdditiveAnimationType.AAT_LOCAL_SPACE_BASE: 1>,0.0,False,,保留候选,叠加素材；先核对Additive类型与基准姿态
Primary_Attack_Normal_Montage,/Game/ParagonCountess/Characters/Heroes/Countess/Animations/Primary_Attack_Normal_Montage.Primary_Attack_Normal_Montage,AnimMontage,0.9,26,1.0,,,,SaveAttack / ResetCombo,参考/重建,不直接复用旧Slot或玩家通知；新建Boss Montage引用原Sequence
Primary_Attack_Normal_MSA,/Game/ParagonCountess/Characters/Heroes/Countess/Animations/Primary_Attack_Normal_MSA.Primary_Attack_Normal_MSA,AnimSequence,0.9,27,1.0,<AdditiveAnimationType.AAT_LOCAL_SPACE_BASE: 1>,0.0,False,,保留候选,叠加素材；先核对Additive类型与基准姿态
Primary_Attack_Slow,/Game/ParagonCountess/Characters/Heroes/Countess/Animations/Primary_Attack_Slow.Primary_Attack_Slow,AnimSequence,1.5,180,1.0,<AdditiveAnimationType.AAT_NONE: 0>,0.0,False,,保留候选,首版未选入；可用于后续移动细化或扩展动作
Primary_Attack_Slow_InMotion,/Game/ParagonCountess/Characters/Heroes/Countess/Animations/Primary_Attack_Slow_InMotion.Primary_Attack_Slow_InMotion,AnimSequence,1.5,45,1.0,<AdditiveAnimationType.AAT_NONE: 0>,0.0,False,,保留候选,首版未选入；可用于后续移动细化或扩展动作
Primary_Attack_Slow_InMotion_MSA,/Game/ParagonCountess/Characters/Heroes/Countess/Animations/Primary_Attack_Slow_InMotion_MSA.Primary_Attack_Slow_InMotion_MSA,AnimSequence,1.5,45,1.0,<AdditiveAnimationType.AAT_LOCAL_SPACE_BASE: 1>,0.0,False,,保留候选,叠加素材；先核对Additive类型与基准姿态
Primary_Attack_Slow_InMotion_Recovery,/Game/ParagonCountess/Characters/Heroes/Countess/Animations/Primary_Attack_Slow_InMotion_Recovery.Primary_Attack_Slow_InMotion_Recovery,AnimSequence,1.3333,40,1.0,<AdditiveAnimationType.AAT_NONE: 0>,0.0,False,,保留候选,首版未选入；可用于后续移动细化或扩展动作
Primary_Attack_Slow_InMotion_Recovery_MSA,/Game/ParagonCountess/Characters/Heroes/Countess/Animations/Primary_Attack_Slow_InMotion_Recovery_MSA.Primary_Attack_Slow_InMotion_Recovery_MSA,AnimSequence,1.3333,40,1.0,<AdditiveAnimationType.AAT_LOCAL_SPACE_BASE: 1>,0.0,False,,保留候选,叠加素材；先核对Additive类型与基准姿态
Primary_Attack_Slow_MSA,/Game/ParagonCountess/Characters/Heroes/Countess/Animations/Primary_Attack_Slow_MSA.Primary_Attack_Slow_MSA,AnimSequence,1.5,180,1.0,<AdditiveAnimationType.AAT_LOCAL_SPACE_BASE: 1>,0.0,False,,保留候选,叠加素材；先核对Additive类型与基准姿态
Primary_Attack_Slow_Recovery,/Game/ParagonCountess/Characters/Heroes/Countess/Animations/Primary_Attack_Slow_Recovery.Primary_Attack_Slow_Recovery,AnimSequence,1.3333,40,1.0,<AdditiveAnimationType.AAT_NONE: 0>,0.0,False,,保留候选,首版未选入；可用于后续移动细化或扩展动作
Primary_Attack_Slow_Recovery_MSA,/Game/ParagonCountess/Characters/Heroes/Countess/Animations/Primary_Attack_Slow_Recovery_MSA.Primary_Attack_Slow_Recovery_MSA,AnimSequence,1.3333,40,1.0,<AdditiveAnimationType.AAT_LOCAL_SPACE_BASE: 1>,0.0,False,,保留候选,叠加素材；先核对Additive类型与基准姿态
Recall,/Game/ParagonCountess/Characters/Heroes/Countess/Animations/Recall.Recall,AnimSequence,10.0,300,1.0,<AdditiveAnimationType.AAT_NONE: 0>,0.0,False,,保留候选,首版未选入；可用于后续移动细化或扩展动作
Respawn,/Game/ParagonCountess/Characters/Heroes/Countess/Animations/Respawn.Respawn,AnimSequence,1.3333,40,1.0,<AdditiveAnimationType.AAT_NONE: 0>,0.0,False,,保留候选,首版未选入；可用于后续移动细化或扩展动作
Select_Screen,/Game/ParagonCountess/Characters/Heroes/Countess/Animations/Select_Screen.Select_Screen,AnimSequence,0.1998,5,1.0,<AdditiveAnimationType.AAT_NONE: 0>,0.0,False,,保留候选,首版未选入；可用于后续移动细化或扩展动作
Sprint_Bwd,/Game/ParagonCountess/Characters/Heroes/Countess/Animations/Sprint_Bwd.Sprint_Bwd,AnimSequence,0.7,21,1.0,<AdditiveAnimationType.AAT_NONE: 0>,0.0,False,,保留候选,首版未选入；可用于后续移动细化或扩展动作
Sprint_Bwd_CircleLeft,/Game/ParagonCountess/Characters/Heroes/Countess/Animations/Sprint_Bwd_CircleLeft.Sprint_Bwd_CircleLeft,AnimSequence,0.7,21,1.0,<AdditiveAnimationType.AAT_NONE: 0>,0.0,False,,保留候选,首版未选入；可用于后续移动细化或扩展动作
Sprint_Bwd_CircleRight,/Game/ParagonCountess/Characters/Heroes/Countess/Animations/Sprint_Bwd_CircleRight.Sprint_Bwd_CircleRight,AnimSequence,0.7,21,1.0,<AdditiveAnimationType.AAT_NONE: 0>,0.0,False,,保留候选,首版未选入；可用于后续移动细化或扩展动作
Sprint_Bwd_Downhill,/Game/ParagonCountess/Characters/Heroes/Countess/Animations/Sprint_Bwd_Downhill.Sprint_Bwd_Downhill,AnimSequence,0.7,21,1.0,<AdditiveAnimationType.AAT_NONE: 0>,0.0,False,,保留候选,首版未选入；可用于后续移动细化或扩展动作
Sprint_Bwd_Pivot180,/Game/ParagonCountess/Characters/Heroes/Countess/Animations/Sprint_Bwd_Pivot180.Sprint_Bwd_Pivot180,AnimSequence,4.1333,124,1.0,<AdditiveAnimationType.AAT_NONE: 0>,0.0,False,,保留候选,首版未选入；可用于后续移动细化或扩展动作
Sprint_Bwd_Start,/Game/ParagonCountess/Characters/Heroes/Countess/Animations/Sprint_Bwd_Start.Sprint_Bwd_Start,AnimSequence,0.7333,22,1.0,<AdditiveAnimationType.AAT_NONE: 0>,0.0,False,,保留候选,首版未选入；可用于后续移动细化或扩展动作
Sprint_Bwd_Stop,/Game/ParagonCountess/Characters/Heroes/Countess/Animations/Sprint_Bwd_Stop.Sprint_Bwd_Stop,AnimSequence,2.1,63,1.0,<AdditiveAnimationType.AAT_NONE: 0>,0.0,False,,保留候选,首版未选入；可用于后续移动细化或扩展动作
Sprint_Bwd_Uphill,/Game/ParagonCountess/Characters/Heroes/Countess/Animations/Sprint_Bwd_Uphill.Sprint_Bwd_Uphill,AnimSequence,0.6333,19,1.0,<AdditiveAnimationType.AAT_NONE: 0>,0.0,False,,保留候选,首版未选入；可用于后续移动细化或扩展动作
Sprint_BwdToFwd_SpinCCW,/Game/ParagonCountess/Characters/Heroes/Countess/Animations/Sprint_BwdToFwd_SpinCCW.Sprint_BwdToFwd_SpinCCW,AnimSequence,1.6667,50,1.0,<AdditiveAnimationType.AAT_NONE: 0>,0.0,False,,保留候选,首版未选入；可用于后续移动细化或扩展动作
Sprint_BwdToFwd_SpinCW,/Game/ParagonCountess/Characters/Heroes/Countess/Animations/Sprint_BwdToFwd_SpinCW.Sprint_BwdToFwd_SpinCW,AnimSequence,1.6667,50,1.0,<AdditiveAnimationType.AAT_NONE: 0>,0.0,False,,保留候选,首版未选入；可用于后续移动细化或扩展动作
Sprint_Fwd,/Game/ParagonCountess/Characters/Heroes/Countess/Animations/Sprint_Fwd.Sprint_Fwd,AnimSequence,1.2333,37,1.0,<AdditiveAnimationType.AAT_NONE: 0>,0.0,False,,首版使用,远距追击
Sprint_Fwd_CircleLeft,/Game/ParagonCountess/Characters/Heroes/Countess/Animations/Sprint_Fwd_CircleLeft.Sprint_Fwd_CircleLeft,AnimSequence,1.2333,37,1.0,<AdditiveAnimationType.AAT_NONE: 0>,0.0,False,,保留候选,首版未选入；可用于后续移动细化或扩展动作
Sprint_Fwd_CircleRight,/Game/ParagonCountess/Characters/Heroes/Countess/Animations/Sprint_Fwd_CircleRight.Sprint_Fwd_CircleRight,AnimSequence,1.2333,37,1.0,<AdditiveAnimationType.AAT_NONE: 0>,0.0,False,,保留候选,首版未选入；可用于后续移动细化或扩展动作
Sprint_Fwd_Downhill,/Game/ParagonCountess/Characters/Heroes/Countess/Animations/Sprint_Fwd_Downhill.Sprint_Fwd_Downhill,AnimSequence,1.2333,37,1.0,<AdditiveAnimationType.AAT_NONE: 0>,0.0,False,,保留候选,首版未选入；可用于后续移动细化或扩展动作
Sprint_Fwd_Pivot180,/Game/ParagonCountess/Characters/Heroes/Countess/Animations/Sprint_Fwd_Pivot180.Sprint_Fwd_Pivot180,AnimSequence,2.6333,79,1.0,<AdditiveAnimationType.AAT_NONE: 0>,0.0,False,,保留候选,首版未选入；可用于后续移动细化或扩展动作
Sprint_Fwd_Start,/Game/ParagonCountess/Characters/Heroes/Countess/Animations/Sprint_Fwd_Start.Sprint_Fwd_Start,AnimSequence,1.4,42,1.0,<AdditiveAnimationType.AAT_NONE: 0>,0.0,False,,保留候选,首版未选入；可用于后续移动细化或扩展动作
Sprint_Fwd_Stop,/Game/ParagonCountess/Characters/Heroes/Countess/Animations/Sprint_Fwd_Stop.Sprint_Fwd_Stop,AnimSequence,2.1,63,1.0,<AdditiveAnimationType.AAT_NONE: 0>,0.0,False,,保留候选,首版未选入；可用于后续移动细化或扩展动作
Sprint_Fwd_Uphill,/Game/ParagonCountess/Characters/Heroes/Countess/Animations/Sprint_Fwd_Uphill.Sprint_Fwd_Uphill,AnimSequence,1.1333,34,1.0,<AdditiveAnimationType.AAT_NONE: 0>,0.0,False,,保留候选,首版未选入；可用于后续移动细化或扩展动作
Sprint_FwdToBwd_SpinCCW,/Game/ParagonCountess/Characters/Heroes/Countess/Animations/Sprint_FwdToBwd_SpinCCW.Sprint_FwdToBwd_SpinCCW,AnimSequence,2.3,69,1.0,<AdditiveAnimationType.AAT_NONE: 0>,0.0,False,,保留候选,首版未选入；可用于后续移动细化或扩展动作
Sprint_FwdToBwd_SpinCW,/Game/ParagonCountess/Characters/Heroes/Countess/Animations/Sprint_FwdToBwd_SpinCW.Sprint_FwdToBwd_SpinCW,AnimSequence,1.5692,47,1.0,<AdditiveAnimationType.AAT_NONE: 0>,0.0,False,,保留候选,首版未选入；可用于后续移动细化或扩展动作
Sprint_Left,/Game/ParagonCountess/Characters/Heroes/Countess/Animations/Sprint_Left.Sprint_Left,AnimSequence,0.7,21,1.0,<AdditiveAnimationType.AAT_NONE: 0>,0.0,False,,保留候选,首版未选入；可用于后续移动细化或扩展动作
Sprint_Left_CircleLeft,/Game/ParagonCountess/Characters/Heroes/Countess/Animations/Sprint_Left_CircleLeft.Sprint_Left_CircleLeft,AnimSequence,0.7,21,1.0,<AdditiveAnimationType.AAT_NONE: 0>,0.0,False,,保留候选,首版未选入；可用于后续移动细化或扩展动作
Sprint_Left_CircleRight,/Game/ParagonCountess/Characters/Heroes/Countess/Animations/Sprint_Left_CircleRight.Sprint_Left_CircleRight,AnimSequence,0.7,21,1.0,<AdditiveAnimationType.AAT_NONE: 0>,0.0,False,,保留候选,首版未选入；可用于后续移动细化或扩展动作
Sprint_Left_Downhill,/Game/ParagonCountess/Characters/Heroes/Countess/Animations/Sprint_Left_Downhill.Sprint_Left_Downhill,AnimSequence,0.6333,19,1.0,<AdditiveAnimationType.AAT_NONE: 0>,0.0,False,,保留候选,首版未选入；可用于后续移动细化或扩展动作
Sprint_Left_Pivot180,/Game/ParagonCountess/Characters/Heroes/Countess/Animations/Sprint_Left_Pivot180.Sprint_Left_Pivot180,AnimSequence,3.4,102,1.0,<AdditiveAnimationType.AAT_NONE: 0>,0.0,False,,保留候选,首版未选入；可用于后续移动细化或扩展动作
Sprint_Left_Start,/Game/ParagonCountess/Characters/Heroes/Countess/Animations/Sprint_Left_Start.Sprint_Left_Start,AnimSequence,0.7667,23,1.0,<AdditiveAnimationType.AAT_NONE: 0>,0.0,False,,保留候选,首版未选入；可用于后续移动细化或扩展动作
Sprint_Left_Stop,/Game/ParagonCountess/Characters/Heroes/Countess/Animations/Sprint_Left_Stop.Sprint_Left_Stop,AnimSequence,2.2667,68,1.0,<AdditiveAnimationType.AAT_NONE: 0>,0.0,False,,保留候选,首版未选入；可用于后续移动细化或扩展动作
Sprint_Left_Uphill,/Game/ParagonCountess/Characters/Heroes/Countess/Animations/Sprint_Left_Uphill.Sprint_Left_Uphill,AnimSequence,0.6333,19,1.0,<AdditiveAnimationType.AAT_NONE: 0>,0.0,False,,保留候选,首版未选入；可用于后续移动细化或扩展动作
Sprint_Right,/Game/ParagonCountess/Characters/Heroes/Countess/Animations/Sprint_Right.Sprint_Right,AnimSequence,1.2333,37,1.0,<AdditiveAnimationType.AAT_NONE: 0>,0.0,False,,保留候选,首版未选入；可用于后续移动细化或扩展动作
Sprint_Right_CircleLeft,/Game/ParagonCountess/Characters/Heroes/Countess/Animations/Sprint_Right_CircleLeft.Sprint_Right_CircleLeft,AnimSequence,1.2333,37,1.0,<AdditiveAnimationType.AAT_NONE: 0>,0.0,False,,保留候选,首版未选入；可用于后续移动细化或扩展动作
Sprint_Right_CircleRight,/Game/ParagonCountess/Characters/Heroes/Countess/Animations/Sprint_Right_CircleRight.Sprint_Right_CircleRight,AnimSequence,1.2333,37,1.0,<AdditiveAnimationType.AAT_NONE: 0>,0.0,False,,保留候选,首版未选入；可用于后续移动细化或扩展动作
Sprint_Right_Downhill,/Game/ParagonCountess/Characters/Heroes/Countess/Animations/Sprint_Right_Downhill.Sprint_Right_Downhill,AnimSequence,1.1333,34,1.0,<AdditiveAnimationType.AAT_NONE: 0>,0.0,False,,保留候选,首版未选入；可用于后续移动细化或扩展动作
Sprint_Right_Pivot180,/Game/ParagonCountess/Characters/Heroes/Countess/Animations/Sprint_Right_Pivot180.Sprint_Right_Pivot180,AnimSequence,3.2667,98,1.0,<AdditiveAnimationType.AAT_NONE: 0>,0.0,False,,保留候选,首版未选入；可用于后续移动细化或扩展动作
Sprint_Right_Start,/Game/ParagonCountess/Characters/Heroes/Countess/Animations/Sprint_Right_Start.Sprint_Right_Start,AnimSequence,1.4,42,1.0,<AdditiveAnimationType.AAT_NONE: 0>,0.0,False,,保留候选,首版未选入；可用于后续移动细化或扩展动作
Sprint_Right_Stop,/Game/ParagonCountess/Characters/Heroes/Countess/Animations/Sprint_Right_Stop.Sprint_Right_Stop,AnimSequence,2.2333,67,1.0,<AdditiveAnimationType.AAT_NONE: 0>,0.0,False,,保留候选,首版未选入；可用于后续移动细化或扩展动作
Sprint_Right_Uphill,/Game/ParagonCountess/Characters/Heroes/Countess/Animations/Sprint_Right_Uphill.Sprint_Right_Uphill,AnimSequence,1.1333,34,1.0,<AdditiveAnimationType.AAT_NONE: 0>,0.0,False,,保留候选,首版未选入；可用于后续移动细化或扩展动作
Stun_Loop,/Game/ParagonCountess/Characters/Heroes/Countess/Animations/Stun_Loop.Stun_Loop,AnimSequence,1.0,30,1.0,<AdditiveAnimationType.AAT_NONE: 0>,0.0,False,,首版使用,破韧保持
Stun_Start,/Game/ParagonCountess/Characters/Heroes/Countess/Animations/Stun_Start.Stun_Start,AnimSequence,1.3333,40,1.0,<AdditiveAnimationType.AAT_NONE: 0>,0.0,False,,首版使用,破韧进入
TravelMode_Jump_Apex,/Game/ParagonCountess/Characters/Heroes/Countess/Animations/TravelMode_Jump_Apex.TravelMode_Jump_Apex,AnimSequence,0.2667,8,1.0,<AdditiveAnimationType.AAT_NONE: 0>,0.0,False,,保留候选,首版未选入；可用于后续移动细化或扩展动作
TravelMode_Jump_Land,/Game/ParagonCountess/Characters/Heroes/Countess/Animations/TravelMode_Jump_Land.TravelMode_Jump_Land,AnimSequence,0.1667,5,1.0,<AdditiveAnimationType.AAT_NONE: 0>,0.0,False,,保留候选,首版未选入；可用于后续移动细化或扩展动作
TravelMode_Jump_Recovery,/Game/ParagonCountess/Characters/Heroes/Countess/Animations/TravelMode_Jump_Recovery.TravelMode_Jump_Recovery,AnimSequence,1.6,48,1.0,<AdditiveAnimationType.AAT_NONE: 0>,0.0,False,,保留候选,首版未选入；可用于后续移动细化或扩展动作
TravelMode_Jump_Recovery_Additive,/Game/ParagonCountess/Characters/Heroes/Countess/Animations/TravelMode_Jump_Recovery_Additive.TravelMode_Jump_Recovery_Additive,AnimSequence,1.6,48,1.0,<AdditiveAnimationType.AAT_ROTATION_OFFSET_MESH_SPACE: 2>,0.0,False,OrionLanded,保留候选,叠加素材；先核对Additive类型与基准姿态
TravelMode_Jump_Start,/Game/ParagonCountess/Characters/Heroes/Countess/Animations/TravelMode_Jump_Start.TravelMode_Jump_Start,AnimSequence,0.2667,8,1.0,<AdditiveAnimationType.AAT_NONE: 0>,0.0,False,,保留候选,首版未选入；可用于后续移动细化或扩展动作
TravelMode_Start,/Game/ParagonCountess/Characters/Heroes/Countess/Animations/TravelMode_Start.TravelMode_Start,AnimSequence,2.3333,70,1.0,<AdditiveAnimationType.AAT_NONE: 0>,0.0,False,,保留候选,首版未选入；可用于后续移动细化或扩展动作
TravelMode_Start_Angled,/Game/ParagonCountess/Characters/Heroes/Countess/Animations/TravelMode_Start_Angled.TravelMode_Start_Angled,AnimSequence,2.4667,74,1.0,<AdditiveAnimationType.AAT_NONE: 0>,0.0,False,,保留候选,首版未选入；可用于后续移动细化或扩展动作
TravelMode_Start_Angled_MSA,/Game/ParagonCountess/Characters/Heroes/Countess/Animations/TravelMode_Start_Angled_MSA.TravelMode_Start_Angled_MSA,AnimSequence,2.4667,74,1.0,<AdditiveAnimationType.AAT_ROTATION_OFFSET_MESH_SPACE: 2>,0.0,False,,保留候选,叠加素材；先核对Additive类型与基准姿态
TravelMode_Start_MSA,/Game/ParagonCountess/Characters/Heroes/Countess/Animations/TravelMode_Start_MSA.TravelMode_Start_MSA,AnimSequence,2.3333,70,1.0,<AdditiveAnimationType.AAT_ROTATION_OFFSET_MESH_SPACE: 2>,0.0,False,,保留候选,叠加素材；先核对Additive类型与基准姿态
Turn_Left_180,/Game/ParagonCountess/Characters/Heroes/Countess/Animations/Turn_Left_180.Turn_Left_180,AnimSequence,2.1333,64,1.0,<AdditiveAnimationType.AAT_NONE: 0>,0.0,False,,保留候选,首版未选入；可用于后续移动细化或扩展动作
Turn_Left_180_TravelMode,/Game/ParagonCountess/Characters/Heroes/Countess/Animations/Turn_Left_180_TravelMode.Turn_Left_180_TravelMode,AnimSequence,2.1333,64,1.0,<AdditiveAnimationType.AAT_NONE: 0>,0.0,False,,保留候选,首版未选入；可用于后续移动细化或扩展动作
Turn_Left_90,/Game/ParagonCountess/Characters/Heroes/Countess/Animations/Turn_Left_90.Turn_Left_90,AnimSequence,1.5333,46,1.0,<AdditiveAnimationType.AAT_NONE: 0>,0.0,False,,保留候选,首版未选入；可用于后续移动细化或扩展动作
Turn_Left_90_TravelMode,/Game/ParagonCountess/Characters/Heroes/Countess/Animations/Turn_Left_90_TravelMode.Turn_Left_90_TravelMode,AnimSequence,1.5333,46,1.0,<AdditiveAnimationType.AAT_NONE: 0>,0.0,False,,保留候选,首版未选入；可用于后续移动细化或扩展动作
Turn_Right_180,/Game/ParagonCountess/Characters/Heroes/Countess/Animations/Turn_Right_180.Turn_Right_180,AnimSequence,3.3667,101,1.0,<AdditiveAnimationType.AAT_NONE: 0>,0.0,False,,保留候选,首版未选入；可用于后续移动细化或扩展动作
Turn_Right_180_TravelMode,/Game/ParagonCountess/Characters/Heroes/Countess/Animations/Turn_Right_180_TravelMode.Turn_Right_180_TravelMode,AnimSequence,3.3667,101,1.0,<AdditiveAnimationType.AAT_NONE: 0>,0.0,False,,保留候选,首版未选入；可用于后续移动细化或扩展动作
Turn_Right_90,/Game/ParagonCountess/Characters/Heroes/Countess/Animations/Turn_Right_90.Turn_Right_90,AnimSequence,2.2,66,1.0,<AdditiveAnimationType.AAT_NONE: 0>,0.0,False,,保留候选,首版未选入；可用于后续移动细化或扩展动作
Turn_Right_90_TravelMode,/Game/ParagonCountess/Characters/Heroes/Countess/Animations/Turn_Right_90_TravelMode.Turn_Right_90_TravelMode,AnimSequence,2.2,66,1.0,<AdditiveAnimationType.AAT_NONE: 0>,0.0,False,,保留候选,首版未选入；可用于后续移动细化或扩展动作
TurnInPlace_Fast,/Game/ParagonCountess/Characters/Heroes/Countess/Animations/TurnInPlace_Fast.TurnInPlace_Fast,AnimSequence,4.0,120,1.0,<AdditiveAnimationType.AAT_NONE: 0>,0.0,False,,保留候选,首版未选入；可用于后续移动细化或扩展动作
TurnInPlace_Zero,/Game/ParagonCountess/Characters/Heroes/Countess/Animations/TurnInPlace_Zero.TurnInPlace_Zero,AnimSequence,1.0,30,1.0,<AdditiveAnimationType.AAT_NONE: 0>,0.0,False,,保留候选,首版未选入；可用于后续移动细化或扩展动作
Vamp_Cloth_Test_Clip,/Game/ParagonCountess/Characters/Heroes/Countess/Animations/Vamp_Cloth_Test_Clip.Vamp_Cloth_Test_Clip,AnimSequence,6.5601,196,0.3330000042915344,<AdditiveAnimationType.AAT_NONE: 0>,0.0,False,,保留候选,首版未选入；可用于后续移动细化或扩展动作
Vamp_Weighting_work,/Game/ParagonCountess/Characters/Heroes/Countess/Animations/Vamp_Weighting_work.Vamp_Weighting_work,AnimSequence,33.3333,1000,1.0,<AdditiveAnimationType.AAT_NONE: 0>,0.0,False,,保留候选,首版未选入；可用于后续移动细化或扩展动作
