资产名,类别,实际类型,时长秒_未乘RateScale,动画帧数,SequenceRateScale,EnableRootMotion,ForceRootLock,根净位移Xcm,根净位移Ycm,根净位移Zcm,水平根轨迹路程cm_61采样,根高度幅度cm,根累计Yaw度,原始水平平均路径速度cm每秒,当前RateScale下平均路径速度_仅序列倍率,本资产Notify数量,引用片段,建议用途,Skeleton,UE路径,文件SHA256
Air_Attack_01_Anim,空中攻击,AnimSequence,0.7833333611488342,47,1.0,False,False,0.0,0.0,0.0,0.0,31.103,0.0,0.0,0.0,2,,按方案派生/复用 Montage 或分段状态；完整与拆分版本择一,/Game/Characters/Mannequins/Meshes/SK_Mannequin.SK_Mannequin,/Game/Third/SwordAnimation/Air_Attack_01_Anim,ac5ae8bb68f07b7d0b9c03e5234d222ba7ce196c47d7a8402b843bdbd79c7830
Air_Attack_02_Anim,空中攻击,AnimSequence,0.7833333611488342,47,1.0,False,False,0.0,0.0,0.0,0.0,35.35,0.0,0.0,0.0,2,,按方案派生/复用 Montage 或分段状态；完整与拆分版本择一,/Game/Characters/Mannequins/Meshes/SK_Mannequin.SK_Mannequin,/Game/Third/SwordAnimation/Air_Attack_02_Anim,8e2573a51efbe871b053466709d39d78bb8aa28f10b96195dc4ca1b4593953f0
Air_Attack_03_Anim,空中攻击,AnimSequence,0.9666666388511658,58,1.0,False,False,0.0,0.0,0.0,0.0,28.912,0.0,0.0,0.0,1,,按方案派生/复用 Montage 或分段状态；完整与拆分版本择一,/Game/Characters/Mannequins/Meshes/SK_Mannequin.SK_Mannequin,/Game/Third/SwordAnimation/Air_Attack_03_Anim,e957d3cf007d59880634d8a50b1edec2ba9b3ae6aac801c5d15e4be2ca2f041e
Air_Attack_04_Anim,空中攻击,AnimSequence,0.8333333134651184,50,1.0,False,False,0.0,583.755,0.0,601.964,9.427,0.0,722.356,722.356,2,,按方案派生/复用 Montage 或分段状态；完整与拆分版本择一,/Game/Characters/Mannequins/Meshes/SK_Mannequin.SK_Mannequin,/Game/Third/SwordAnimation/Air_Attack_04_Anim,6ab829630650dcd1d63da487a733900102261db9692adf61dcae4143cd6769b9
Air_Attack_05_Anim,空中攻击,AnimSequence,2.3333332538604736,140,1.0,True,False,0.0,167.14,0.0,243.518,0.0,0.0,104.365,104.365,4,,按方案派生/复用 Montage 或分段状态；完整与拆分版本择一,/Game/Characters/Mannequins/Meshes/SK_Mannequin.SK_Mannequin,/Game/Third/SwordAnimation/Air_Attack_05_Anim,b5b9904af1e3919c70bd223df752d0f0f40c36916f73845219836a4ad1b28bdb
Air_Attack_05_In_Anim,空中攻击,AnimSequence,0.4000000059604645,24,1.0,False,False,0.0,119.693,0.0,156.696,0.0,0.0,391.739,391.739,2,,按方案派生/复用 Montage 或分段状态；完整与拆分版本择一,/Game/Characters/Mannequins/Meshes/SK_Mannequin.SK_Mannequin,/Game/Third/SwordAnimation/Air_Attack_05_In_Anim,164f6f20560d3d2edac7a1b9392dae7e83dfa91d9e2b64c19ceaddfcc946bfdb
Air_Attack_05_Loop_Anim,空中攻击,AnimSequence,0.13333334028720856,4,1.0,False,False,0.0,49.559,0.0,49.559,0.0,0.0,371.691,371.691,2,,按方案派生/复用 Montage 或分段状态；完整与拆分版本择一,/Game/Characters/Mannequins/Meshes/SK_Mannequin.SK_Mannequin,/Game/Third/SwordAnimation/Air_Attack_05_Loop_Anim,c4de4293437530dfcd74cb8255df8a8b778cacadf86223e40f213203e69022e4
Air_Attack_05_Out_Anim,空中攻击,AnimSequence,1.9333332777023315,116,1.0,False,False,0.0,47.446,0.0,87.055,0.0,0.0,45.028,45.028,3,,按方案派生/复用 Montage 或分段状态；完整与拆分版本择一,/Game/Characters/Mannequins/Meshes/SK_Mannequin.SK_Mannequin,/Game/Third/SwordAnimation/Air_Attack_05_Out_Anim,78f9439d3da3e62b0dbdf156e083164099475f56ea5e4ef18ffd5633d92cf408
Air_Attack_06_Anim,空中攻击,AnimSequence,2.5,150,1.0,False,False,0.0,16.134,-0.0,41.092,98.327,0.0,16.437,16.437,3,,按方案派生/复用 Montage 或分段状态；完整与拆分版本择一,/Game/Characters/Mannequins/Meshes/SK_Mannequin.SK_Mannequin,/Game/Third/SwordAnimation/Air_Attack_06_Anim,1593fbc0967654eef381a845eb797af8b0260e36ec1241652e435a73c06d650b
Air_Attack_06_In_Anim,空中攻击,AnimSequence,0.6000000238418579,36,1.0,False,False,0.0,17.241,-0.0,19.822,98.374,0.0,33.036,33.036,1,,按方案派生/复用 Montage 或分段状态；完整与拆分版本择一,/Game/Characters/Mannequins/Meshes/SK_Mannequin.SK_Mannequin,/Game/Third/SwordAnimation/Air_Attack_06_In_Anim,ae98b04374e08503d742fc68db81a62c3f4fdcb3c96df46029e32a3b6636499c
Air_Attack_06_Loop_Anim,空中攻击,AnimSequence,0.6666666865348816,40,1.0,False,False,0.0,0.0,0.0,0.0,0.0,0.0,0.0,0.0,0,,按方案派生/复用 Montage 或分段状态；完整与拆分版本择一,/Game/Characters/Mannequins/Meshes/SK_Mannequin.SK_Mannequin,/Game/Third/SwordAnimation/Air_Attack_06_Loop_Anim,fb5eb036c064bfceec27a8c947f3ca48a3d83bf76ca14b0eac97dbf3b8d9c0ff
Air_Attack_06_Out_Anim,空中攻击,AnimSequence,1.899999976158142,114,1.0,False,False,0.0,-1.107,0.0,21.491,0.0,0.0,11.311,11.311,2,,按方案派生/复用 Montage 或分段状态；完整与拆分版本择一,/Game/Characters/Mannequins/Meshes/SK_Mannequin.SK_Mannequin,/Game/Third/SwordAnimation/Air_Attack_06_Out_Anim,eef9f8e7411ab39ae6d8186cd81e34ba20755c8503d610da83424a1848bc9501
Air_Attack_Combo_Anim,空中攻击,AnimSequence,2.3333332538604736,140,1.0,False,False,0.0,-3.633,0.201,1472.763,201.787,0.0,631.184,631.184,9,,按方案派生/复用 Montage 或分段状态；完整与拆分版本择一,/Game/Characters/Mannequins/Meshes/SK_Mannequin.SK_Mannequin,/Game/Third/SwordAnimation/Air_Attack_Combo_Anim,23fc23157eaf20fe03d620e74650cf51800abdedc67b4012f754bba5f00f1b0c
AM_Dead,现有蒙太奇,AnimMontage,4.633333206176758,277,1.0,,,,,,,,,,,0,/Game/Third/SwordAnimation/Dead_Anim.Dead_Anim,复用；按动作数据和窗口配置,/Game/Characters/Mannequins/Meshes/SK_Mannequin.SK_Mannequin,/Game/Third/SwordAnimation/AM_Dead,aa308980448e2de1f45ea8bc707408eb62742a9dee5aa5516b4126ad81fd1b8a
AM_Dodge_B_Anim_Montage,现有蒙太奇,AnimMontage,1.0,59,1.0,,,,,,,,,,,0,/Game/Third/SwordAnimation/Dodge_B_Anim.Dodge_B_Anim,复用；按动作数据和窗口配置,/Game/Characters/Mannequins/Meshes/SK_Mannequin.SK_Mannequin,/Game/Third/SwordAnimation/AM_Dodge_B_Anim_Montage,4889ac2aa125ca0b16b462f05b02776336a4ea01548a8cd88eed296ca168ddb4
AM_Dodge_F_Anim_Montage,现有蒙太奇,AnimMontage,1.0,59,1.0,,,,,,,,,,,0,/Game/Third/SwordAnimation/Dodge_F_Anim.Dodge_F_Anim,复用；按动作数据和窗口配置,/Game/Characters/Mannequins/Meshes/SK_Mannequin.SK_Mannequin,/Game/Third/SwordAnimation/AM_Dodge_F_Anim_Montage,05efb600ca6949bf321e3e597f8c52bc3b121b07e95424b582631cf1beee63cf
AM_Dodge_L_Anim_Montage,现有蒙太奇,AnimMontage,1.0,59,1.0,,,,,,,,,,,0,/Game/Third/SwordAnimation/Dodge_L_Anim.Dodge_L_Anim,复用；按动作数据和窗口配置,/Game/Characters/Mannequins/Meshes/SK_Mannequin.SK_Mannequin,/Game/Third/SwordAnimation/AM_Dodge_L_Anim_Montage,8a8bd1eae70a7d4b02ca29238d01c37999f0f5fc49a94bcb7efc33b906bd7c16
AM_Dodge_R_Anim_Montage,现有蒙太奇,AnimMontage,1.0,59,1.0,,,,,,,,,,,0,/Game/Third/SwordAnimation/Dodge_R_Anim.Dodge_R_Anim,复用；按动作数据和窗口配置,/Game/Characters/Mannequins/Meshes/SK_Mannequin.SK_Mannequin,/Game/Third/SwordAnimation/AM_Dodge_R_Anim_Montage,a5b652e2cd73de6529ad44dcbee8049fc2ccf5ba608e192233c671ad67722850
AM_DownHit,现有蒙太奇,AnimMontage,1.0,59,1.0,,,,,,,,,,,0,/Game/Third/SwordAnimation/Down_01_Hit_Anim.Down_01_Hit_Anim,复用；按动作数据和窗口配置,/Game/Characters/Mannequins/Meshes/SK_Mannequin.SK_Mannequin,/Game/Third/SwordAnimation/AM_DownHit,22ae7ae6dc4e2944abfdb3ed442c324c7d9b5082b708f6ff79034adfcc966849
AM_EnemyParryStagger,现有蒙太奇,AnimMontage,1.0,59,1.0,,,,,,,,,,,0,/Game/Third/SwordAnimation/Block_Breach_Anim.Block_Breach_Anim,复用；按动作数据和窗口配置,/Game/Characters/Mannequins/Meshes/SK_Mannequin.SK_Mannequin,/Game/Third/SwordAnimation/AM_EnemyParryStagger,647cc4d567a03e31d0df79d990a7f8bb8744bb4d43f56856278ebe19289160bc
AM_EnemySwordAttack,现有蒙太奇,AnimMontage,1.6333333253860474,97,1.0,,,,,,,,,,,1,/Game/Third/SwordAnimation/Attack_Combo_01_01_Anim.Attack_Combo_01_01_Anim,复用；按动作数据和窗口配置,/Game/Characters/Mannequins/Meshes/SK_Mannequin.SK_Mannequin,/Game/Third/SwordAnimation/AM_EnemySwordAttack,5833f5023aef8a45917bfdf1381fd86eee93d313dae24627bb54bb3e2ecf36cf
AM_GetUp,现有蒙太奇,AnimMontage,1.4166666269302368,84,1.0,,,,,,,,,,,0,/Game/Third/SwordAnimation/Down_01_Getup_Anim.Down_01_Getup_Anim,复用；按动作数据和窗口配置,/Game/Characters/Mannequins/Meshes/SK_Mannequin.SK_Mannequin,/Game/Third/SwordAnimation/AM_GetUp,784ecf16eac27f5eb3ed7dec82e8e0f34c8488ca4e17e6fe0cf4f2985bf75c7d
AM_Hit_Air,现有蒙太奇,AnimMontage,0.5,29,1.0,,,,,,,,,,,0,/Game/Third/SwordAnimation/Hit_Air_Anim.Hit_Air_Anim,复用；按动作数据和窗口配置,/Game/Characters/Mannequins/Meshes/SK_Mannequin.SK_Mannequin,/Game/Third/SwordAnimation/AM_Hit_Air,1411e3a6ac01152401c837a88cd90c7a9889c3996027bcaf9f726d6aa18713f5
AM_Sword_AirAttack,现有蒙太奇,AnimMontage,0.9666666388511658,57,1.0,,,,,,,,,,,1,/Game/Third/SwordAnimation/Air_Attack_03_Anim.Air_Attack_03_Anim,复用；按动作数据和窗口配置,/Game/Characters/Mannequins/Meshes/SK_Mannequin.SK_Mannequin,/Game/Third/SwordAnimation/AM_Sword_AirAttack,ac89e93148290d0bd9692f5fdaa0ae7ab3101688b8ccbce6c1576e6a719c774d
AM_Sword_Attack_01,现有蒙太奇,AnimMontage,1.6333333253860474,97,1.0,,,,,,,,,,,3,/Game/Third/SwordAnimation/Attack_Combo_01_01_Anim.Attack_Combo_01_01_Anim,复用；按动作数据和窗口配置,/Game/Characters/Mannequins/Meshes/SK_Mannequin.SK_Mannequin,/Game/Third/SwordAnimation/AM_Sword_Attack_01,3908296263e2bb2d0289570902b914079e315cb25fe46fd4d3c42016d20f887c
AM_Sword_Attack_02,现有蒙太奇,AnimMontage,1.8833333253860474,112,1.0,,,,,,,,,,,3,/Game/Third/SwordAnimation/Attack_Combo_01_02_Anim.Attack_Combo_01_02_Anim,复用；按动作数据和窗口配置,/Game/Characters/Mannequins/Meshes/SK_Mannequin.SK_Mannequin,/Game/Third/SwordAnimation/AM_Sword_Attack_02,011472809560bb000cf8caafc8f4855f8219d77bb76bb4fce89486ecfe524939
AM_Sword_Attack_03,现有蒙太奇,AnimMontage,1.8666666746139526,111,1.0,,,,,,,,,,,3,/Game/Third/SwordAnimation/Attack_Combo_01_03_Anim.Attack_Combo_01_03_Anim,复用；按动作数据和窗口配置,/Game/Characters/Mannequins/Meshes/SK_Mannequin.SK_Mannequin,/Game/Third/SwordAnimation/AM_Sword_Attack_03,018bb470f5dd0985460e4de0feae6bc32913f6d07015d7594bf7af3e261e7f78
AM_Sword_Attack_04,现有蒙太奇,AnimMontage,1.899999976158142,113,1.0,,,,,,,,,,,2,/Game/Third/SwordAnimation/Attack_Combo_01_04_Anim.Attack_Combo_01_04_Anim,复用；按动作数据和窗口配置,/Game/Characters/Mannequins/Meshes/SK_Mannequin.SK_Mannequin,/Game/Third/SwordAnimation/AM_Sword_Attack_04,53320fca26f883eebfd0fdeab3ba55d3d849660569534d65830589892bcd3a79
AM_Sword_Idle,现有蒙太奇,AnimMontage,2.1666667461395264,129,1.0,,,,,,,,,,,0,/Game/Third/SwordAnimation/Idle_Anim.Idle_Anim,复用；按动作数据和窗口配置,/Game/Characters/Mannequins/Meshes/SK_Mannequin.SK_Mannequin,/Game/Third/SwordAnimation/AM_Sword_Idle,8523600e03b8559d12588da7bf7558502db19af71f5bb880124284510905ccb2
AM_Sword_Rising,现有蒙太奇,AnimMontage,1.0,59,1.0,,,,,,,,,,,1,/Game/Third/SwordAnimation/Attack_Rising_Anim.Attack_Rising_Anim,复用；按动作数据和窗口配置,/Game/Characters/Mannequins/Meshes/SK_Mannequin.SK_Mannequin,/Game/Third/SwordAnimation/AM_Sword_Rising,14e8c26a6df2a3113ba1700730d515660c944248eb48f2d2305834fc8b9eb47c
Attack_Combo_01_01_Anim,地面攻击,AnimSequence,1.6333333253860474,98,1.0,True,False,0.0,88.837,0.0,159.117,0.0,0.0,97.418,97.418,1,,按方案派生/复用 Montage 或分段状态；完整与拆分版本择一,/Game/Characters/Mannequins/Meshes/SK_Mannequin.SK_Mannequin,/Game/Third/SwordAnimation/Attack_Combo_01_01_Anim,16983e1113fbd247440aae6a1141278d95cc44032f03734fe5b8cb3d16bcb936
Attack_Combo_01_02_Anim,地面攻击,AnimSequence,1.8833333253860474,113,1.0,True,False,0.0,171.778,0.0,216.958,0.0,0.0,115.199,115.199,2,,按方案派生/复用 Montage 或分段状态；完整与拆分版本择一,/Game/Characters/Mannequins/Meshes/SK_Mannequin.SK_Mannequin,/Game/Third/SwordAnimation/Attack_Combo_01_02_Anim,fb586276fdc95b6c7c54cce8231b717eef56588554690baa80e7227efde6ae7a
Attack_Combo_01_03_Anim,地面攻击,AnimSequence,1.8666666746139526,112,1.0,True,False,0.0,168.765,0.0,225.848,0.0,0.0,120.99,120.99,2,,按方案派生/复用 Montage 或分段状态；完整与拆分版本择一,/Game/Characters/Mannequins/Meshes/SK_Mannequin.SK_Mannequin,/Game/Third/SwordAnimation/Attack_Combo_01_03_Anim,c0c40317827fff5ef94c78961a45b8a6618b41bf05eda73608e41955d9ce034c
Attack_Combo_01_04_Anim,地面攻击,AnimSequence,1.899999976158142,114,1.0,True,False,0.0,131.92,0.0,190.537,0.0,0.0,100.282,100.282,2,,按方案派生/复用 Montage 或分段状态；完整与拆分版本择一,/Game/Characters/Mannequins/Meshes/SK_Mannequin.SK_Mannequin,/Game/Third/SwordAnimation/Attack_Combo_01_04_Anim,25bcc1a84eea79cc4b19ae97220784cb769a009cc7aba31c3e64a3964af757b4
Attack_Combo_01_Anim,地面攻击,AnimSequence,3.0333333015441895,182,1.0,False,False,0.0,573.227,0.0,636.019,0.0,0.0,209.677,209.677,9,,按方案派生/复用 Montage 或分段状态；完整与拆分版本择一,/Game/Characters/Mannequins/Meshes/SK_Mannequin.SK_Mannequin,/Game/Third/SwordAnimation/Attack_Combo_01_Anim,a09bacd31110be4746325a089c1309b5ca877c905c2107a78e75590482773a47
Attack_Combo_02_01_Anim,地面攻击,AnimSequence,1.6166666746139526,97,1.0,False,False,0.0,129.418,0.0,195.201,0.0,0.0,120.743,120.743,2,,按方案派生/复用 Montage 或分段状态；完整与拆分版本择一,/Game/Characters/Mannequins/Meshes/SK_Mannequin.SK_Mannequin,/Game/Third/SwordAnimation/Attack_Combo_02_01_Anim,3271b90030e41cc0f447a42138064b316bc89779fc1235e1de1a1cd727f50bff
Attack_Combo_02_02_Anim,地面攻击,AnimSequence,1.7833333015441895,107,1.0,False,False,0.0,210.142,0.0,282.235,0.0,0.0,158.263,158.263,3,,按方案派生/复用 Montage 或分段状态；完整与拆分版本择一,/Game/Characters/Mannequins/Meshes/SK_Mannequin.SK_Mannequin,/Game/Third/SwordAnimation/Attack_Combo_02_02_Anim,2cd4ff764944569703729a474a95bd8c9235494296311231ac2ca0331b125435
Attack_Combo_02_03_Anim,地面攻击,AnimSequence,1.7333333492279053,104,1.0,True,False,0.0,210.475,0.0,315.473,0.0,0.0,182.004,182.004,4,,按方案派生/复用 Montage 或分段状态；完整与拆分版本择一,/Game/Characters/Mannequins/Meshes/SK_Mannequin.SK_Mannequin,/Game/Third/SwordAnimation/Attack_Combo_02_03_Anim,45dfdc9e2694f552beb06b4618fbbfccd01981aad78cd9172a66418460ae566b
Attack_Combo_02_04_Anim,地面攻击,AnimSequence,2.116666555404663,127,1.0,False,False,0.0,118.967,0.0,155.58,0.0,0.0,73.503,73.503,4,,按方案派生/复用 Montage 或分段状态；完整与拆分版本择一,/Game/Characters/Mannequins/Meshes/SK_Mannequin.SK_Mannequin,/Game/Third/SwordAnimation/Attack_Combo_02_04_Anim,85474ad64aea7274f367f84a00aaa4546405683b4ea4875cd96296b1ab7a8efc
Attack_Combo_02_Anim,地面攻击,AnimSequence,3.2166666984558105,193,1.0,False,False,0.0,462.317,0.0,625.456,0.0,0.0,194.442,194.442,10,,按方案派生/复用 Montage 或分段状态；完整与拆分版本择一,/Game/Characters/Mannequins/Meshes/SK_Mannequin.SK_Mannequin,/Game/Third/SwordAnimation/Attack_Combo_02_Anim,110f2716261ada5f1ae1ae9eeb37193f09eb1e85996707df104397d302c6fc2b
Attack_Combo_03_01_Anim,地面攻击,AnimSequence,1.6666666269302368,100,1.0,False,False,0.0,279.424,0.0,331.229,0.0,0.0,198.738,198.738,2,,按方案派生/复用 Montage 或分段状态；完整与拆分版本择一,/Game/Characters/Mannequins/Meshes/SK_Mannequin.SK_Mannequin,/Game/Third/SwordAnimation/Attack_Combo_03_01_Anim,7f28f435630ef89f893ed120f1674f11a4f2e7628412bb742c0604f773db5ae0
Attack_Combo_03_02_Anim,地面攻击,AnimSequence,1.7833333015441895,107,1.0,False,False,0.0,111.313,0.0,143.976,0.0,0.0,80.734,80.734,2,,按方案派生/复用 Montage 或分段状态；完整与拆分版本择一,/Game/Characters/Mannequins/Meshes/SK_Mannequin.SK_Mannequin,/Game/Third/SwordAnimation/Attack_Combo_03_02_Anim,292049dcf426da875999b826a4047b52e108ef7a52a1737b7c6eeb93c7a639af
Attack_Combo_03_03_Anim,地面攻击,AnimSequence,2.0166666507720947,121,1.0,False,False,0.0,344.311,0.0,615.308,0.0,0.0,305.111,305.111,4,,按方案派生/复用 Montage 或分段状态；完整与拆分版本择一,/Game/Characters/Mannequins/Meshes/SK_Mannequin.SK_Mannequin,/Game/Third/SwordAnimation/Attack_Combo_03_03_Anim,6c44902b2560e456e6d309880e578730b3320b33eb5c46a68d5502d1bf0fcc5a
Attack_Combo_03_04_Anim,地面攻击,AnimSequence,2.0999999046325684,126,1.0,True,False,0.0,228.71,0.0,243.309,0.0,0.0,115.861,115.861,2,,按方案派生/复用 Montage 或分段状态；完整与拆分版本择一,/Game/Characters/Mannequins/Meshes/SK_Mannequin.SK_Mannequin,/Game/Third/SwordAnimation/Attack_Combo_03_04_Anim,5353994f9ab97794949d25d50f977c892c6aaefd45a23012682c77e2ded08075
Attack_Combo_03_Anim,地面攻击,AnimSequence,4.050000190734863,243,1.0,False,False,-0.0,870.155,0.0,1128.481,0.0,0.0,278.637,278.637,8,,按方案派生/复用 Montage 或分段状态；完整与拆分版本择一,/Game/Characters/Mannequins/Meshes/SK_Mannequin.SK_Mannequin,/Game/Third/SwordAnimation/Attack_Combo_03_Anim,69784ef847eff79a262d796dd509fb2e43841fbdf8f064f8688a945170aed04d
Attack_Rising_Anim,地面攻击,AnimSequence,1.0,60,1.0,True,False,0.0,213.563,0.0,213.563,198.235,0.0,213.563,213.563,2,,按方案派生/复用 Montage 或分段状态；完整与拆分版本择一,/Game/Characters/Mannequins/Meshes/SK_Mannequin.SK_Mannequin,/Game/Third/SwordAnimation/Attack_Rising_Anim,51d5ea613a51c13f1ac92181ea58e3b8c9ff69e0892c540d766c24cdd15542ba
Attack_Sprint_Anim,地面攻击,AnimSequence,1.5833333730697632,95,1.0,False,False,0.0,108.076,0.0,182.234,0.0,0.0,115.095,115.095,2,,按方案派生/复用 Montage 或分段状态；完整与拆分版本择一,/Game/Characters/Mannequins/Meshes/SK_Mannequin.SK_Mannequin,/Game/Third/SwordAnimation/Attack_Sprint_Anim,ebeb882c69b31bb618e5a3a4cbd82eb428a91ca660f1d370a6ffa5befa77c9b8
Block_Breach_Anim,防御,AnimSequence,1.0,60,1.0,False,False,0.0,-25.673,0.0,25.673,0.0,0.0,25.673,25.673,0,,按方案派生/复用 Montage 或分段状态；完整与拆分版本择一,/Game/Characters/Mannequins/Meshes/SK_Mannequin.SK_Mannequin,/Game/Third/SwordAnimation/Block_Breach_Anim,2fb71eb501c44a5d1404034710c633b99560cc0a00d6003546ff6d748ab4d999
Block_Hit_Anim,防御,AnimSequence,0.4166666567325592,25,1.0,False,False,0.0,0.0,0.0,0.0,0.0,0.0,0.0,0.0,0,,按方案派生/复用 Montage 或分段状态；完整与拆分版本择一,/Game/Characters/Mannequins/Meshes/SK_Mannequin.SK_Mannequin,/Game/Third/SwordAnimation/Block_Hit_Anim,3dc7606211a0278001d581919e2f6e6a90d43a8748646078f50fde0f25331187
Block_Hold_Anim,防御,AnimSequence,3.3333332538604736,200,1.0,True,False,0.0,0.0,0.0,0.0,0.0,0.0,0.0,0.0,0,,按方案派生/复用 Montage 或分段状态；完整与拆分版本择一,/Game/Characters/Mannequins/Meshes/SK_Mannequin.SK_Mannequin,/Game/Third/SwordAnimation/Block_Hold_Anim,7f85e1a7c21cbf110b5e77fa08be9ea3159697ca41febf7eefaa6c2f79529238
Block_In_Anim,防御,AnimSequence,0.3333333432674408,20,1.0,True,False,0.0,0.0,0.0,0.0,0.0,0.0,0.0,0.0,0,,按方案派生/复用 Montage 或分段状态；完整与拆分版本择一,/Game/Characters/Mannequins/Meshes/SK_Mannequin.SK_Mannequin,/Game/Third/SwordAnimation/Block_In_Anim,d5846afb8ae60c49befda095e3b3695f46b447cff3c4798ebe8e0c5cbeaf1a09
Block_Out_Anim,防御,AnimSequence,0.3333333432674408,20,1.0,False,False,0.0,0.0,0.0,0.0,0.0,0.0,0.0,0.0,0,,按方案派生/复用 Montage 或分段状态；完整与拆分版本择一,/Game/Characters/Mannequins/Meshes/SK_Mannequin.SK_Mannequin,/Game/Third/SwordAnimation/Block_Out_Anim,59f86378c7671375f0943b0f2c5be1560715a5484963945f4b362e486537af02
Buff_In_Anim,增益技能,AnimSequence,0.3499999940395355,21,1.0,False,False,0.0,0.0,0.0,0.0,0.0,0.0,0.0,0.0,0,,按方案派生/复用 Montage 或分段状态；完整与拆分版本择一,/Game/Characters/Mannequins/Meshes/SK_Mannequin.SK_Mannequin,/Game/Third/SwordAnimation/Buff_In_Anim,65642430a49c920ee06ad736f5aec69c252efe8a77caa1d8397c19dbac257c66
Buff_Loop_Anim,增益技能,AnimSequence,0.8333333134651184,50,1.0,False,False,0.0,0.0,0.0,0.0,0.0,0.0,0.0,0.0,0,,按方案派生/复用 Montage 或分段状态；完整与拆分版本择一,/Game/Characters/Mannequins/Meshes/SK_Mannequin.SK_Mannequin,/Game/Third/SwordAnimation/Buff_Loop_Anim,ad0cc5c8b268e3291861477da875d6a71237790cb6f4220a1f52f5c9e7ab6032
Buff_out_Anim,增益技能,AnimSequence,1.149999976158142,69,1.0,False,False,0.0,0.0,0.0,0.0,0.0,0.0,0.0,0.0,0,,按方案派生/复用 Montage 或分段状态；完整与拆分版本择一,/Game/Characters/Mannequins/Meshes/SK_Mannequin.SK_Mannequin,/Game/Third/SwordAnimation/Buff_out_Anim,e2a48a1e3931c2580d488d52b69b6e513e916f2adce0303ce6048e63c03adb22
Crouch_Idle_Anim,蹲姿,AnimSequence,2.0,120,1.0,False,False,0.0,0.0,0.0,3.661,0.0,0.0,1.831,1.831,0,,Sequence/BlendSpace/状态机；位移策略单独配置,/Game/Characters/Mannequins/Meshes/SK_Mannequin.SK_Mannequin,/Game/Third/SwordAnimation/Crouch_Idle_Anim,92136a7a148f22ae1f705c1c40dda838466f17981da88b754a126bcb137ec09f
Crouch_In_Anim,蹲姿,AnimSequence,0.5,30,1.0,False,False,0.0,-0.0,0.0,13.68,0.0,0.0,27.361,27.361,0,,Sequence/BlendSpace/状态机；位移策略单独配置,/Game/Characters/Mannequins/Meshes/SK_Mannequin.SK_Mannequin,/Game/Third/SwordAnimation/Crouch_In_Anim,fb601c57de6eb601bf0b4262d12784d630caabc1c489cf910578d895f9540822
Crouch_Out_Anim,蹲姿,AnimSequence,0.5,30,1.0,False,False,0.0,0.0,0.0,24.303,0.0,0.0,48.607,48.607,0,,Sequence/BlendSpace/状态机；位移策略单独配置,/Game/Characters/Mannequins/Meshes/SK_Mannequin.SK_Mannequin,/Game/Third/SwordAnimation/Crouch_Out_Anim,73cb1d5f329cb6fc335f34350b5fc0a7cd15682c600bc0db11137d828ace8ecf
Crouch_Walk_B_Anim,蹲姿,AnimSequence,2.0,120,1.0,False,True,0.0,-168.5,0.0,168.5,0.0,0.0,84.25,84.25,0,,Sequence/BlendSpace/状态机；位移策略单独配置,/Game/Characters/Mannequins/Meshes/SK_Mannequin.SK_Mannequin,/Game/Third/SwordAnimation/Crouch_Walk_B_Anim,a23a980a3c42ba2b9bbba2568d9f74152e6e355bb9fe6a8e41ce5e5f4ba558ee
Crouch_Walk_B_L_Anim,蹲姿,AnimSequence,2.0,120,1.0,False,True,119.147,-119.147,0.0,168.5,0.0,0.0,84.25,84.25,0,,Sequence/BlendSpace/状态机；位移策略单独配置,/Game/Characters/Mannequins/Meshes/SK_Mannequin.SK_Mannequin,/Game/Third/SwordAnimation/Crouch_Walk_B_L_Anim,ad68711937fd895b304c743ff7fa3d622c7f51f1e83441048d6616d2ac493f0b
Crouch_Walk_B_R_Anim,蹲姿,AnimSequence,2.0,120,1.0,False,True,-119.147,-119.147,0.0,168.5,0.0,0.0,84.25,84.25,0,,Sequence/BlendSpace/状态机；位移策略单独配置,/Game/Characters/Mannequins/Meshes/SK_Mannequin.SK_Mannequin,/Game/Third/SwordAnimation/Crouch_Walk_B_R_Anim,703b0ceb2f7616f6927ceb85f5c2393e3b5b23c5710dbda0a81ccef5bc0a2563
Crouch_Walk_F_Anim,蹲姿,AnimSequence,2.0,120,1.0,False,True,0.0,168.5,0.0,168.5,0.0,0.0,84.25,84.25,0,,Sequence/BlendSpace/状态机；位移策略单独配置,/Game/Characters/Mannequins/Meshes/SK_Mannequin.SK_Mannequin,/Game/Third/SwordAnimation/Crouch_Walk_F_Anim,60b394a3b497a0db2b42ab1265a3d1fc4eefa2a93896f143c7ff54dcf1ee0638
Crouch_Walk_F_L_Anim,蹲姿,AnimSequence,2.0,120,1.0,False,True,119.147,119.147,0.0,168.5,0.0,0.0,84.25,84.25,0,,Sequence/BlendSpace/状态机；位移策略单独配置,/Game/Characters/Mannequins/Meshes/SK_Mannequin.SK_Mannequin,/Game/Third/SwordAnimation/Crouch_Walk_F_L_Anim,98a6abb734223441ea47ba71ec8fd1320197bbc0ce940d847ecf9724f3699e49
Crouch_Walk_F_R_Anim,蹲姿,AnimSequence,2.0,120,1.0,False,True,-119.147,119.147,0.0,168.5,0.0,0.0,84.25,84.25,0,,Sequence/BlendSpace/状态机；位移策略单独配置,/Game/Characters/Mannequins/Meshes/SK_Mannequin.SK_Mannequin,/Game/Third/SwordAnimation/Crouch_Walk_F_R_Anim,7ddf81c5d280efe2db98f56b0f3c3944a4a5f4cefd02376724096bfe29d92876
Crouch_Walk_L_Anim,蹲姿,AnimSequence,2.0,60,1.0,False,True,168.5,0.0,0.0,168.5,0.0,0.0,84.25,84.25,0,,Sequence/BlendSpace/状态机；位移策略单独配置,/Game/Characters/Mannequins/Meshes/SK_Mannequin.SK_Mannequin,/Game/Third/SwordAnimation/Crouch_Walk_L_Anim,dba94bb84200562eebe364335c7f19e852446037d60c74ffedbbdbbb858f1fda
Crouch_Walk_R_Anim,蹲姿,AnimSequence,2.0,60,1.0,False,True,-168.5,0.0,0.0,168.5,0.0,0.0,84.25,84.25,0,,Sequence/BlendSpace/状态机；位移策略单独配置,/Game/Characters/Mannequins/Meshes/SK_Mannequin.SK_Mannequin,/Game/Third/SwordAnimation/Crouch_Walk_R_Anim,82f9c32f4675cc46b911dce0cfd2b7884ac65992bccf06896ac7d8ee079000e7
Dead_Anim,死亡,AnimSequence,4.633333206176758,278,1.0,False,False,0.0,29.103,0.0,178.382,0.0,0.0,38.5,38.5,0,,按方案派生/复用 Montage 或分段状态；完整与拆分版本择一,/Game/Characters/Mannequins/Meshes/SK_Mannequin.SK_Mannequin,/Game/Third/SwordAnimation/Dead_Anim,7671ae6aa514eb1ef2bcf5046c74ce1a53fdefa1c855997833bfe52b8402bb0f
Dodge_B_Anim,闪避,AnimSequence,1.0,60,1.0,True,False,0.0,-484.587,0.0,517.076,0.0,0.0,517.076,517.076,0,,按方案派生/复用 Montage 或分段状态；完整与拆分版本择一,/Game/Characters/Mannequins/Meshes/SK_Mannequin.SK_Mannequin,/Game/Third/SwordAnimation/Dodge_B_Anim,225423fe87cad55f4bf01c54cbb63cf6ff10a4caaa2676219665f6e9d8627b97
Dodge_F_Anim,闪避,AnimSequence,1.0,60,1.0,True,False,0.0,477.903,0.0,506.748,0.0,0.0,506.748,506.748,0,,按方案派生/复用 Montage 或分段状态；完整与拆分版本择一,/Game/Characters/Mannequins/Meshes/SK_Mannequin.SK_Mannequin,/Game/Third/SwordAnimation/Dodge_F_Anim,acbb4d50364a80f94c334cd8e33425fbcfa9f7735a1f8673e90d338763938c3f
Dodge_L_Anim,闪避,AnimSequence,1.0,60,1.0,True,False,501.19,0.0,0.0,537.522,0.0,0.0,537.522,537.522,0,,按方案派生/复用 Montage 或分段状态；完整与拆分版本择一,/Game/Characters/Mannequins/Meshes/SK_Mannequin.SK_Mannequin,/Game/Third/SwordAnimation/Dodge_L_Anim,0bb585df27d0823b112ff03aa6b26fa303ad4663c199875a80694a51ab6964b8
Dodge_R_Anim,闪避,AnimSequence,1.0,60,1.0,True,False,-483.085,0.0,0.0,507.285,0.0,0.0,507.285,507.285,0,,按方案派生/复用 Montage 或分段状态；完整与拆分版本择一,/Game/Characters/Mannequins/Meshes/SK_Mannequin.SK_Mannequin,/Game/Third/SwordAnimation/Dodge_R_Anim,7c556c3d2f4358c0b21021529187444244631dc7174450dfff71d1f61de3221c
Down_01_Getup_Anim,倒地与起身,AnimSequence,1.4166666269302368,85,1.0,False,False,0.0,26.316,0.0,55.746,0.0,0.0,39.35,39.35,0,,按方案派生/复用 Montage 或分段状态；完整与拆分版本择一,/Game/Characters/Mannequins/Meshes/SK_Mannequin.SK_Mannequin,/Game/Third/SwordAnimation/Down_01_Getup_Anim,15ae54e69fcb3d303f52c32d5d2c6f166b9a6dda529122dd03b00bdbf657dd84
Down_01_Hit_Anim,倒地与起身,AnimSequence,1.0,60,1.0,False,False,0.0,0.0,0.0,0.0,0.0,0.0,0.0,0.0,0,,按方案派生/复用 Montage 或分段状态；完整与拆分版本择一,/Game/Characters/Mannequins/Meshes/SK_Mannequin.SK_Mannequin,/Game/Third/SwordAnimation/Down_01_Hit_Anim,94a0fc5b51742768d52359a304fce95e0b6b311740ed969f664feb1e423912d3
Down_01_Idle_Anim,倒地与起身,AnimSequence,2.25,135,1.0,False,False,0.0,0.0,0.0,0.0,0.0,0.0,0.0,0.0,0,,按方案派生/复用 Montage 或分段状态；完整与拆分版本择一,/Game/Characters/Mannequins/Meshes/SK_Mannequin.SK_Mannequin,/Game/Third/SwordAnimation/Down_01_Idle_Anim,0da4e15c865834930868921b55e42c15368f69bd555dc9af9e7accb57d400297
Down_02_Getup_Anim,倒地与起身,AnimSequence,1.8333333730697632,110,1.0,False,False,0.0,0.0,0.0,36.267,0.0,0.0,19.782,19.782,0,,按方案派生/复用 Montage 或分段状态；完整与拆分版本择一,/Game/Characters/Mannequins/Meshes/SK_Mannequin.SK_Mannequin,/Game/Third/SwordAnimation/Down_02_Getup_Anim,302c7d12fe2403ee2bee28fa4184635d863040b54b728c3f10b8b10a2a3e66ca
Down_02_Hit_Anim,倒地与起身,AnimSequence,1.0,60,1.0,False,False,0.0,0.0,0.0,11.79,0.0,0.0,11.79,11.79,0,,按方案派生/复用 Montage 或分段状态；完整与拆分版本择一,/Game/Characters/Mannequins/Meshes/SK_Mannequin.SK_Mannequin,/Game/Third/SwordAnimation/Down_02_Hit_Anim,437474fa31218868287e1cc6cbd7c2e13b221c5676bda0db4b0b17ef46e7bc80
Down_02_Idle_Anim,倒地与起身,AnimSequence,2.25,135,1.0,False,False,0.0,0.0,0.0,0.0,0.0,0.0,0.0,0.0,0,,按方案派生/复用 Montage 或分段状态；完整与拆分版本择一,/Game/Characters/Mannequins/Meshes/SK_Mannequin.SK_Mannequin,/Game/Third/SwordAnimation/Down_02_Idle_Anim,c7bfb076cae2cea85c420d0eeb3c27e8e00fb8166dcc79fd83c78c7254246b5f
Hit_01_B_Anim,受击,AnimSequence,1.0,60,1.0,True,False,0.0,67.048,0.0,84.857,0.0,0.0,84.857,84.857,0,,按方案派生/复用 Montage 或分段状态；完整与拆分版本择一,/Game/Characters/Mannequins/Meshes/SK_Mannequin.SK_Mannequin,/Game/Third/SwordAnimation/Hit_01_B_Anim,e6b454d5aca461e19f0f4363864569524c8eaed725d200dacd0287d80b38fe36
Hit_01_F_Anim,受击,AnimSequence,1.0,60,1.0,True,False,0.0,-69.681,0.0,116.126,0.0,0.0,116.126,116.126,0,,按方案派生/复用 Montage 或分段状态；完整与拆分版本择一,/Game/Characters/Mannequins/Meshes/SK_Mannequin.SK_Mannequin,/Game/Third/SwordAnimation/Hit_01_F_Anim,7b9ff3899f46b5607ad8e97b9e100a7ebfe5dde232094f0e5b811dd355e684da
Hit_01_L_Anim,受击,AnimSequence,1.0,60,1.0,True,False,-64.555,0.0,0.0,106.966,0.0,0.0,106.966,106.966,0,,按方案派生/复用 Montage 或分段状态；完整与拆分版本择一,/Game/Characters/Mannequins/Meshes/SK_Mannequin.SK_Mannequin,/Game/Third/SwordAnimation/Hit_01_L_Anim,028e75e74696a8b9b0467bc287d9705fe412abe4a616e05628924a3097f9a0ce
Hit_01_R_Anim,受击,AnimSequence,1.0,60,1.0,True,False,69.097,0.0,0.0,74.952,0.0,0.0,74.952,74.952,0,,按方案派生/复用 Montage 或分段状态；完整与拆分版本择一,/Game/Characters/Mannequins/Meshes/SK_Mannequin.SK_Mannequin,/Game/Third/SwordAnimation/Hit_01_R_Anim,389ff6c595df373097d7f0241c95944ab61b472ce6e72da37d2830baf4e07d17
Hit_Air_Anim,受击,AnimSequence,0.5,30,1.0,False,False,0.0,0.0,0.0,12.179,0.0,0.0,24.358,24.358,0,,按方案派生/复用 Montage 或分段状态；完整与拆分版本择一,/Game/Characters/Mannequins/Meshes/SK_Mannequin.SK_Mannequin,/Game/Third/SwordAnimation/Hit_Air_Anim,b5308d53758f980699a304963e9bdbc94ecc6eee9970a630c56fb7b30fea1a44
Hit_Drop_01_Anim,受击,AnimSequence,1.3333333730697632,80,1.0,False,False,0.0,-545.861,0.0,545.861,0.0,0.0,409.396,409.396,0,,按方案派生/复用 Montage 或分段状态；完整与拆分版本择一,/Game/Characters/Mannequins/Meshes/SK_Mannequin.SK_Mannequin,/Game/Third/SwordAnimation/Hit_Drop_01_Anim,93174fa2a73d381f7210d416900d02d3b41287d65dfd05542ddacc3dc8d05eb7
Hit_Drop_01_End_Anim,受击,AnimSequence,0.9666666388511658,58,1.0,False,False,0.0,-215.747,0.0,215.747,0.0,0.0,223.186,223.186,0,,按方案派生/复用 Montage 或分段状态；完整与拆分版本择一,/Game/Characters/Mannequins/Meshes/SK_Mannequin.SK_Mannequin,/Game/Third/SwordAnimation/Hit_Drop_01_End_Anim,c0a3e9921c01c0252eaea4cd02227b26cf58371734984cc519b0ff545bcacbb7
Hit_Drop_01_Loop_Anim,受击,AnimSequence,0.1666666716337204,10,1.0,False,False,0.0,-109.814,0.0,109.814,0.0,0.0,658.885,658.885,0,,按方案派生/复用 Montage 或分段状态；完整与拆分版本择一,/Game/Characters/Mannequins/Meshes/SK_Mannequin.SK_Mannequin,/Game/Third/SwordAnimation/Hit_Drop_01_Loop_Anim,58958e6a495759a7e65003be4f7d13665aec1d9c613ab411a1e7e1727c9397f7
Hit_Drop_01_Start_Anim,受击,AnimSequence,0.20000000298023224,12,1.0,False,False,0.0,-220.301,0.0,220.301,0.0,0.0,1101.503,1101.503,0,,按方案派生/复用 Montage 或分段状态；完整与拆分版本择一,/Game/Characters/Mannequins/Meshes/SK_Mannequin.SK_Mannequin,/Game/Third/SwordAnimation/Hit_Drop_01_Start_Anim,d6d1cb24142c52e634e5eb1659beb42d7001749761c358bfeadb0cceb4fb1ac1
Hit_Drop_02_Anim,受击,AnimSequence,0.5,30,1.0,False,False,0.0,0.0,0.0,0.0,0.0,0.0,0.0,0.0,0,,按方案派生/复用 Montage 或分段状态；完整与拆分版本择一,/Game/Characters/Mannequins/Meshes/SK_Mannequin.SK_Mannequin,/Game/Third/SwordAnimation/Hit_Drop_02_Anim,280232c99d83d6730e95bbd7e8b001dfe3c91cf15ba576101cb877e665432f6a
Hit_Drop_03_Anim,受击,AnimSequence,1.3333333730697632,80,1.0,False,False,0.0,-49.559,0.0,49.559,79.232,0.0,37.169,37.169,0,,按方案派生/复用 Montage 或分段状态；完整与拆分版本择一,/Game/Characters/Mannequins/Meshes/SK_Mannequin.SK_Mannequin,/Game/Third/SwordAnimation/Hit_Drop_03_Anim,5c343b4bdf7e98430b0795b93c6efbe16251b91263c564d7e8777b8b4039b494
Hit_Drop_03_End_Anim,受击,AnimSequence,0.75,45,1.0,False,False,0.0,0.0,0.0,0.0,0.0,0.0,0.0,0.0,0,,按方案派生/复用 Montage 或分段状态；完整与拆分版本择一,/Game/Characters/Mannequins/Meshes/SK_Mannequin.SK_Mannequin,/Game/Third/SwordAnimation/Hit_Drop_03_End_Anim,166cf092c3c09ea96558a668d007fd411c874890ce1dc4a1cd19a8bd9833ff0b
Hit_Drop_03_Loop_Anim,受击,AnimSequence,0.8333333134651184,50,1.0,False,False,0.0,0.0,0.0,0.0,0.0,0.0,0.0,0.0,0,,按方案派生/复用 Montage 或分段状态；完整与拆分版本择一,/Game/Characters/Mannequins/Meshes/SK_Mannequin.SK_Mannequin,/Game/Third/SwordAnimation/Hit_Drop_03_Loop_Anim,7a73341247faf96c18bb36bef45252e6897b0fdf1dce46f3df9b41d0ca66ceb8
Hit_Drop_03_Start_Anim,受击,AnimSequence,0.5833333134651184,35,1.0,False,False,0.0,-49.559,-0.0,49.559,79.232,0.0,84.958,84.958,0,,按方案派生/复用 Montage 或分段状态；完整与拆分版本择一,/Game/Characters/Mannequins/Meshes/SK_Mannequin.SK_Mannequin,/Game/Third/SwordAnimation/Hit_Drop_03_Start_Anim,05c597cfb0a9609deed4ed99af855f598eb3fe1476cc5334b0089b4b03e38877
Idle_Anim,待机,AnimSequence,2.1666667461395264,130,1.0,False,False,0.0,0.0,0.0,0.0,0.0,0.0,0.0,0.0,0,,Sequence/BlendSpace/状态机；位移策略单独配置,/Game/Characters/Mannequins/Meshes/SK_Mannequin.SK_Mannequin,/Game/Third/SwordAnimation/Idle_Anim,f350e2c91e9aa2efa38d6f087a72c61088e6e009ef757798212e39b5a776af57
Jump_Anim,跳跃,AnimSequence,1.5833333730697632,95,1.0,False,False,0.0,0.0,0.0,0.0,198.073,0.0,0.0,0.0,0,,Sequence/BlendSpace/状态机；位移策略单独配置,/Game/Characters/Mannequins/Meshes/SK_Mannequin.SK_Mannequin,/Game/Third/SwordAnimation/Jump_Anim,9454aaa6259f8b76295c19995361b20aa973d64159812de91e19f48b864d8c30
Jump_B_Anim,跳跃,AnimSequence,1.5833333730697632,95,1.0,False,False,0.0,-446.029,-0.0,446.029,148.726,0.0,281.702,281.702,0,,Sequence/BlendSpace/状态机；位移策略单独配置,/Game/Characters/Mannequins/Meshes/SK_Mannequin.SK_Mannequin,/Game/Third/SwordAnimation/Jump_B_Anim,af13a997c0e12c8231038b887d0df4b4b26681ce83bf203e5c0e8960e4273166
Jump_B_In_Anim,跳跃,AnimSequence,0.7166666388511658,43,1.0,False,False,0.0,-382.575,-0.0,382.575,148.831,0.0,533.826,533.826,0,,Sequence/BlendSpace/状态机；位移策略单独配置,/Game/Characters/Mannequins/Meshes/SK_Mannequin.SK_Mannequin,/Game/Third/SwordAnimation/Jump_B_In_Anim,1f51147b24fc70c9b34609bd2adb8e6bbf2757c62827d45682a23a8c02469130
Jump_B_Loop_Anim,跳跃,AnimSequence,0.8333333134651184,50,1.0,False,False,0.0,0.0,0.0,0.0,0.0,0.0,0.0,0.0,0,,Sequence/BlendSpace/状态机；位移策略单独配置,/Game/Characters/Mannequins/Meshes/SK_Mannequin.SK_Mannequin,/Game/Third/SwordAnimation/Jump_B_Loop_Anim,51dc17c5a9676eccdf1c459790371afa8f67d62a78027d31cd615d4e85e800c9
Jump_B_Out_Anim,跳跃,AnimSequence,0.8666666746139526,52,1.0,True,True,0.0,-63.453,0.0,63.453,0.0,0.0,73.215,73.215,0,,Sequence/BlendSpace/状态机；位移策略单独配置,/Game/Characters/Mannequins/Meshes/SK_Mannequin.SK_Mannequin,/Game/Third/SwordAnimation/Jump_B_Out_Anim,e187e1544395ed0bc2c004bda50f1437732dbc583b366bdb85dbeb032f343ab6
Jump_F_Anim,跳跃,AnimSequence,1.5833333730697632,95,1.0,False,False,0.0,495.588,0.0,495.588,0.0,0.0,313.003,313.003,0,,Sequence/BlendSpace/状态机；位移策略单独配置,/Game/Characters/Mannequins/Meshes/SK_Mannequin.SK_Mannequin,/Game/Third/SwordAnimation/Jump_F_Anim,2a71f4eab8cb6b8c800782ee44198b53ecd5795040a85276a9efc03816d37a68
Jump_F_In_Anim,跳跃,AnimSequence,0.7166666388511658,43,1.0,False,False,0.0,377.563,0.0,377.563,0.0,0.0,526.832,526.832,0,,Sequence/BlendSpace/状态机；位移策略单独配置,/Game/Characters/Mannequins/Meshes/SK_Mannequin.SK_Mannequin,/Game/Third/SwordAnimation/Jump_F_In_Anim,b9f69f5a306acf4570334a1aa1f3f471338a066cbd8876373a81340ecb29b1fc
Jump_F_Loop_Anim,跳跃,AnimSequence,0.8333333134651184,50,1.0,False,False,0.0,0.0,0.0,0.0,0.0,0.0,0.0,0.0,0,,Sequence/BlendSpace/状态机；位移策略单独配置,/Game/Characters/Mannequins/Meshes/SK_Mannequin.SK_Mannequin,/Game/Third/SwordAnimation/Jump_F_Loop_Anim,77d23f96ef789b9334511c6453013efa6840959402a41b0ed0cbffc1cda6d83f
Jump_F_Out_Anim,跳跃,AnimSequence,0.8666666746139526,52,1.0,True,False,0.0,118.025,0.0,118.025,0.0,0.0,136.182,136.182,0,,Sequence/BlendSpace/状态机；位移策略单独配置,/Game/Characters/Mannequins/Meshes/SK_Mannequin.SK_Mannequin,/Game/Third/SwordAnimation/Jump_F_Out_Anim,5d732eb7cf8861326442f9bdb564e2ea426cc521d583d415b544653e7b3ba966
Jump_In_Anim,跳跃,AnimSequence,0.7166666388511658,43,1.0,False,True,0.0,0.0,0.0,0.0,198.222,0.0,0.0,0.0,0,,Sequence/BlendSpace/状态机；位移策略单独配置,/Game/Characters/Mannequins/Meshes/SK_Mannequin.SK_Mannequin,/Game/Third/SwordAnimation/Jump_In_Anim,ea06e63ee5cabc96bd5223259c14dfc261871aa91c87b39511807484cb3b3e12
Jump_Loop_Anim,跳跃,AnimSequence,0.8333333134651184,50,1.0,False,True,0.0,0.0,0.0,0.0,0.0,0.0,0.0,0.0,0,,Sequence/BlendSpace/状态机；位移策略单独配置,/Game/Characters/Mannequins/Meshes/SK_Mannequin.SK_Mannequin,/Game/Third/SwordAnimation/Jump_Loop_Anim,c88dd8134629ce8575cc567c253fb33fbaae31a980cf0067d6309593f8ef79aa
Jump_Out_Anim,跳跃,AnimSequence,0.8666666746139526,52,1.0,False,True,0.0,0.0,0.0,0.0,0.0,0.0,0.0,0.0,0,,Sequence/BlendSpace/状态机；位移策略单独配置,/Game/Characters/Mannequins/Meshes/SK_Mannequin.SK_Mannequin,/Game/Third/SwordAnimation/Jump_Out_Anim,85b8d211d073df247f466e1a6e7bed4fc9af91d8ecbf6db60476e0e2f6ae01c2
Jump_Super_F,跳跃,AnimSequence,1.7333333492279053,104,1.0,False,False,0.0,743.381,0.0,743.381,0.0,0.0,428.874,428.874,0,,Sequence/BlendSpace/状态机；位移策略单独配置,/Game/Characters/Mannequins/Meshes/SK_Mannequin.SK_Mannequin,/Game/Third/SwordAnimation/Jump_Super_F,928b58cc72ec552f55f245d3f1cdd1b44b8c12e84ad4bc0543ff618638512467
Jump_Super_F_In_Anim,跳跃,AnimSequence,0.8166666626930237,49,1.0,False,False,0.0,517.167,0.0,517.167,0.0,0.0,633.266,633.266,0,,Sequence/BlendSpace/状态机；位移策略单独配置,/Game/Characters/Mannequins/Meshes/SK_Mannequin.SK_Mannequin,/Game/Third/SwordAnimation/Jump_Super_F_In_Anim,75eaba2e7cca8f34fd804d6574397eab2b0daa992ebedd1e2df20a5b547aba42
Jump_Super_F_Loop_Anim,跳跃,AnimSequence,0.8333333134651184,50,1.0,False,False,0.0,0.0,0.0,0.0,0.0,0.0,0.0,0.0,0,,Sequence/BlendSpace/状态机；位移策略单独配置,/Game/Characters/Mannequins/Meshes/SK_Mannequin.SK_Mannequin,/Game/Third/SwordAnimation/Jump_Super_F_Loop_Anim,e0a6a952f411825f9d78473013fb688e28b3e727ebd927afde5337ddeac2d8ab
Jump_Super_F_Out_Anim,跳跃,AnimSequence,0.9166666865348816,55,1.0,False,False,0.0,226.214,0.0,226.214,0.0,0.0,246.779,246.779,0,,Sequence/BlendSpace/状态机；位移策略单独配置,/Game/Characters/Mannequins/Meshes/SK_Mannequin.SK_Mannequin,/Game/Third/SwordAnimation/Jump_Super_F_Out_Anim,ddab3c3d29ba03c83a8e3ab0e50e54d7b748ec3e8c07e5db38cfcecd485fdb29
Jump_Two_Anim,跳跃,AnimSequence,0.6666666865348816,40,1.0,False,False,0.0,0.0,0.0,0.0,136.322,0.0,0.0,0.0,0,,Sequence/BlendSpace/状态机；位移策略单独配置,/Game/Characters/Mannequins/Meshes/SK_Mannequin.SK_Mannequin,/Game/Third/SwordAnimation/Jump_Two_Anim,65c647e3d60d9acb056bc58a16b9249109e55d1436499186aef0ad055ddcd39f
Jump_Two_Montage_Anim,跳跃,AnimSequence,2.133333444595337,128,1.0,False,False,0.0,0.0,0.956,0.0,303.347,0.0,0.0,0.0,0,,Sequence/BlendSpace/状态机；位移策略单独配置,/Game/Characters/Mannequins/Meshes/SK_Mannequin.SK_Mannequin,/Game/Third/SwordAnimation/Jump_Two_Montage_Anim,87fd1988b918b29558b9d1f5bfed1397f6c4f0c780bb7dc0612703d8d9fda24a
Run_B_Anim,跑步,AnimSequence,0.7333333492279053,44,1.0,False,True,0.0,-396.47,0.0,396.47,0.0,0.0,540.641,540.641,0,,Sequence/BlendSpace/状态机；位移策略单独配置,/Game/Characters/Mannequins/Meshes/SK_Mannequin.SK_Mannequin,/Game/Third/SwordAnimation/Run_B_Anim,420df527669fde26429bde72b5abc067c8c364a476e877b6db958efb35fba5c6
Run_B_L_Anim,跑步,AnimSequence,0.7333333492279053,44,1.0,False,True,280.347,-280.347,0.0,396.47,0.0,0.0,540.641,540.641,0,,Sequence/BlendSpace/状态机；位移策略单独配置,/Game/Characters/Mannequins/Meshes/SK_Mannequin.SK_Mannequin,/Game/Third/SwordAnimation/Run_B_L_Anim,391bea4dec141826db6a35efd0dd519ee226d633acf00441f1b3cec48a35325b
Run_B_R_Anim,跑步,AnimSequence,0.7333333492279053,22,1.0,False,True,-280.347,-280.347,0.0,396.47,0.0,0.0,540.641,540.641,0,,Sequence/BlendSpace/状态机；位移策略单独配置,/Game/Characters/Mannequins/Meshes/SK_Mannequin.SK_Mannequin,/Game/Third/SwordAnimation/Run_B_R_Anim,59e07d8e1052270ce59026e686ca7e538468ad3fb9d1d3c550900f7d96048b3b
Run_F_Anim,跑步,AnimSequence,0.7333333492279053,44,1.0,False,True,0.0,396.47,0.0,396.47,0.0,0.0,540.641,540.641,0,,Sequence/BlendSpace/状态机；位移策略单独配置,/Game/Characters/Mannequins/Meshes/SK_Mannequin.SK_Mannequin,/Game/Third/SwordAnimation/Run_F_Anim,c50101ff378f02922f977bfed7f50cde9b50b755f9c76abf4b6f48a3a97698cc
Run_F_L_Anim,跑步,AnimSequence,0.7333333492279053,44,1.0,False,True,280.347,280.347,0.0,396.47,0.0,0.0,540.641,540.641,0,,Sequence/BlendSpace/状态机；位移策略单独配置,/Game/Characters/Mannequins/Meshes/SK_Mannequin.SK_Mannequin,/Game/Third/SwordAnimation/Run_F_L_Anim,b5ae40ef4fd8e1cbb2666895ccc433c4d95451c03769c2748118e9b3f0c6b6d4
Run_F_R_Anim,跑步,AnimSequence,0.7333333492279053,44,1.0,False,True,-280.347,280.347,0.0,396.47,0.0,0.0,540.641,540.641,0,,Sequence/BlendSpace/状态机；位移策略单独配置,/Game/Characters/Mannequins/Meshes/SK_Mannequin.SK_Mannequin,/Game/Third/SwordAnimation/Run_F_R_Anim,adff0b27540d6186adc5694db9f527782cdb269b4c9440e37dc919bb859b70c6
Run_L_Anim,跑步,AnimSequence,0.7333333492279053,44,1.0,False,True,396.47,0.0,0.0,396.47,0.0,0.0,540.641,540.641,0,,Sequence/BlendSpace/状态机；位移策略单独配置,/Game/Characters/Mannequins/Meshes/SK_Mannequin.SK_Mannequin,/Game/Third/SwordAnimation/Run_L_Anim,2648cdf9f68480526195d6ad09d78617aa72c8371f50cfc55e051b18c7bf8f56
Run_R_Anim,跑步,AnimSequence,0.7333333492279053,44,1.0,False,True,-396.47,0.0,0.0,396.47,0.0,0.0,540.641,540.641,0,,Sequence/BlendSpace/状态机；位移策略单独配置,/Game/Characters/Mannequins/Meshes/SK_Mannequin.SK_Mannequin,/Game/Third/SwordAnimation/Run_R_Anim,340174830db6cb3c7385a60dcdcaf64aa0dfc889a814ce634725f530894240d9
Sprint_Anim,疾跑,AnimSequence,0.5333333611488342,32,1.0,False,True,0.0,396.47,0.0,396.47,0.0,0.0,743.381,743.381,0,,Sequence/BlendSpace/状态机；位移策略单独配置,/Game/Characters/Mannequins/Meshes/SK_Mannequin.SK_Mannequin,/Game/Third/SwordAnimation/Sprint_Anim,258004b916fc260bbf1fd2ab40a1ef0000fb25a4f5a9df7954c1b5b948a406e8
Sprint_In_Anim,疾跑,AnimSequence,1.0,60,1.0,True,False,0.0,681.515,0.0,681.515,0.0,0.0,681.515,681.515,0,,Sequence/BlendSpace/状态机；位移策略单独配置,/Game/Characters/Mannequins/Meshes/SK_Mannequin.SK_Mannequin,/Game/Third/SwordAnimation/Sprint_In_Anim,8f8aa58768359b1622d2622e68005f0b38e1a7221bbf7e4e38f3c5eff24db3ad
Sprint_Out_Anim,疾跑,AnimSequence,1.0,60,1.0,False,False,0.0,191.317,0.0,194.478,0.0,0.0,194.478,194.478,0,,Sequence/BlendSpace/状态机；位移策略单独配置,/Game/Characters/Mannequins/Meshes/SK_Mannequin.SK_Mannequin,/Game/Third/SwordAnimation/Sprint_Out_Anim,ce8b6a6b88c5d4f357135eff1bfe48cf26e0286819f1bf2189dbc0e38e08dd5f
TPCAnimInstance,额外动画蓝图（缺少骨架）,AnimBlueprint,,,,,,,,,,,,,,0,,确认引用后补骨架或整理；当前角色使用其他 ABP,,/Game/Third/SwordAnimation/TPCAnimInstance,6c1592ba14ef3c00655a68eba3ecfff8a6c4685416738ae9ecb9f0388ad40704
Turn_L_180_Anim,转身,AnimSequence,1.5,90,1.0,False,True,0.0,0.0,0.0,0.0,0.0,-180.0,0.0,0.0,1,,建议派生根旋转 Montage；结束不额外加角度,/Game/Characters/Mannequins/Meshes/SK_Mannequin.SK_Mannequin,/Game/Third/SwordAnimation/Turn_L_180_Anim,679183120be3fa4b0f1ce931b22392d079c891bd8150dc319d29af9315d54c87
Turn_L_90_Anim,转身,AnimSequence,1.0,60,1.0,False,True,0.0,0.0,0.0,0.0,0.0,-90.0,0.0,0.0,1,,建议派生根旋转 Montage；结束不额外加角度,/Game/Characters/Mannequins/Meshes/SK_Mannequin.SK_Mannequin,/Game/Third/SwordAnimation/Turn_L_90_Anim,589eb677a7f00c28717ca7ddce996a9f11395b1e41364e834717b1f26ccd2967
Turn_R_180_Anim,转身,AnimSequence,1.5,90,1.0,False,True,0.0,0.0,0.0,0.0,0.0,180.0,0.0,0.0,1,,建议派生根旋转 Montage；结束不额外加角度,/Game/Characters/Mannequins/Meshes/SK_Mannequin.SK_Mannequin,/Game/Third/SwordAnimation/Turn_R_180_Anim,2ab627b00e35acb57d290436d9c1af10713cc69be9f54b0d4543f22e3858ea7f
Turn_R_90_Anim,转身,AnimSequence,1.0,60,1.0,False,True,0.0,0.0,0.0,0.0,0.0,90.0,0.0,0.0,1,,建议派生根旋转 Montage；结束不额外加角度,/Game/Characters/Mannequins/Meshes/SK_Mannequin.SK_Mannequin,/Game/Third/SwordAnimation/Turn_R_90_Anim,f8c8a87dffe61a1cc8adcff554e82a567e53f3ef241b6833b4d728f0e785b8bb
Walk_B_Anim,走路,AnimSequence,1.3333333730697632,80,1.0,False,True,0.0,-198.235,0.0,198.235,0.0,0.0,148.676,148.676,0,,Sequence/BlendSpace/状态机；位移策略单独配置,/Game/Characters/Mannequins/Meshes/SK_Mannequin.SK_Mannequin,/Game/Third/SwordAnimation/Walk_B_Anim,5aab015d13a5606ab65841faf490a24cded8d5a80b7d42f62258e4b2609ffa30
Walk_B_L_Anim,走路,AnimSequence,1.3333333730697632,80,1.0,False,True,140.173,-140.173,0.0,198.235,0.0,0.0,148.676,148.676,0,,Sequence/BlendSpace/状态机；位移策略单独配置,/Game/Characters/Mannequins/Meshes/SK_Mannequin.SK_Mannequin,/Game/Third/SwordAnimation/Walk_B_L_Anim,fc2ff7c19964bd5abcb2f3c708abda9df18eafee1b1769291120f2d4c827f0da
Walk_B_R_Anim,走路,AnimSequence,1.3333333730697632,80,1.0,False,True,-140.173,-140.173,0.0,198.235,0.0,0.0,148.676,148.676,0,,Sequence/BlendSpace/状态机；位移策略单独配置,/Game/Characters/Mannequins/Meshes/SK_Mannequin.SK_Mannequin,/Game/Third/SwordAnimation/Walk_B_R_Anim,3983f17256248fd5af1387e1b9b61877cd28e76aedca480490f0d50e6f9acd68
Walk_F_Anim,走路,AnimSequence,1.3333333730697632,80,0.5,True,True,0.0,198.235,0.0,198.235,0.0,0.0,148.676,74.338,0,,Sequence/BlendSpace/状态机；位移策略单独配置,/Game/Characters/Mannequins/Meshes/SK_Mannequin.SK_Mannequin,/Game/Third/SwordAnimation/Walk_F_Anim,542ad41520f67481f2734a1de69dd1e83edcb72fcaf3d8ea5ef7d0f6fcd4979b
Walk_F_L_Anim,走路,AnimSequence,1.3333333730697632,80,1.0,False,True,140.173,140.173,0.0,198.235,0.0,0.0,148.676,148.676,0,,Sequence/BlendSpace/状态机；位移策略单独配置,/Game/Characters/Mannequins/Meshes/SK_Mannequin.SK_Mannequin,/Game/Third/SwordAnimation/Walk_F_L_Anim,334db5cf3a2ca3bc4c3bb2d4698d369f6d0ba0cb9f9692481e5c58f9022655f9
Walk_F_R_Anim,走路,AnimSequence,1.3333333730697632,80,1.0,False,True,-140.173,140.173,0.0,198.235,0.0,0.0,148.676,148.676,0,,Sequence/BlendSpace/状态机；位移策略单独配置,/Game/Characters/Mannequins/Meshes/SK_Mannequin.SK_Mannequin,/Game/Third/SwordAnimation/Walk_F_R_Anim,cd44bddae4083ba7a48f17d6f960fc607db99f38a3c114abcae374c313700f30
Walk_L_Anim,走路,AnimSequence,1.3333333730697632,80,1.0,False,True,198.235,0.0,0.0,198.235,0.0,0.0,148.676,148.676,0,,Sequence/BlendSpace/状态机；位移策略单独配置,/Game/Characters/Mannequins/Meshes/SK_Mannequin.SK_Mannequin,/Game/Third/SwordAnimation/Walk_L_Anim,760b54998bd0d2a465eb279ed84f5fc5613ad35e6ceb36fccebc653f7a1e30d7
Walk_R_Anim,走路,AnimSequence,1.3333333730697632,80,1.0,False,True,-198.235,0.0,0.0,198.235,0.0,0.0,148.676,148.676,0,,Sequence/BlendSpace/状态机；位移策略单独配置,/Game/Characters/Mannequins/Meshes/SK_Mannequin.SK_Mannequin,/Game/Third/SwordAnimation/Walk_R_Anim,f1d628f3c14f9b34e4778a190e37c4f56cdc775d26b8ab58e9a919a128083402
Weak_01_In_Anim,虚弱,AnimSequence,1.2999999523162842,78,1.0,True,False,0.0,-97.989,0.0,105.484,0.0,0.0,81.141,81.141,0,,按方案派生/复用 Montage 或分段状态；完整与拆分版本择一,/Game/Characters/Mannequins/Meshes/SK_Mannequin.SK_Mannequin,/Game/Third/SwordAnimation/Weak_01_In_Anim,7d9275be660a8eba94c500fef16c12c87f7cf07dcb5d935347f61607ed6df1b6
Weak_01_loop_01_Anim,虚弱,AnimSequence,1.6666666269302368,100,1.0,False,False,0.0,0.0,0.0,0.0,0.0,0.0,0.0,0.0,0,,按方案派生/复用 Montage 或分段状态；完整与拆分版本择一,/Game/Characters/Mannequins/Meshes/SK_Mannequin.SK_Mannequin,/Game/Third/SwordAnimation/Weak_01_loop_01_Anim,69f32727046a5a9808c3ee91fa7306814774aa274abaa6eae31d20fc827c5d86
Weak_01_loop_02_Anim,虚弱,AnimSequence,1.6666666269302368,100,1.0,True,False,0.0,0.0,0.0,0.0,0.0,0.0,0.0,0.0,0,,按方案派生/复用 Montage 或分段状态；完整与拆分版本择一,/Game/Characters/Mannequins/Meshes/SK_Mannequin.SK_Mannequin,/Game/Third/SwordAnimation/Weak_01_loop_02_Anim,9f9b7ffe6dcb46dffe65384be50f5237fb72a306b1c4dbbb4cded332a95b47b8
Weak_01_Recovery_Anim,虚弱,AnimSequence,0.8833333253860474,53,1.0,False,False,0.0,-57.697,0.0,60.659,0.0,0.0,68.671,68.671,0,,按方案派生/复用 Montage 或分段状态；完整与拆分版本择一,/Game/Characters/Mannequins/Meshes/SK_Mannequin.SK_Mannequin,/Game/Third/SwordAnimation/Weak_01_Recovery_Anim,c04e32cdba300793fa27c0e5b066a48fe9b3800053c016b815c388990eaabdbe
Weapon_Deployment_Anim,收拔剑,AnimSequence,1.4500000476837158,87,1.0,False,False,0.0,0.0,0.0,0.0,0.0,0.0,0.0,0.0,1,,按方案派生/复用 Montage 或分段状态；完整与拆分版本择一,/Game/Characters/Mannequins/Meshes/SK_Mannequin.SK_Mannequin,/Game/Third/SwordAnimation/Weapon_Deployment_Anim,a2dbd78fc4e916ddc13cf9f6df03f647fcaab49f36435982a7fa7dda2690225a
Weapon_Retraction_Anim,收拔剑,AnimSequence,1.3333333730697632,80,1.0,False,False,0.0,28.638,0.0,31.579,0.0,0.0,23.685,23.685,0,,按方案派生/复用 Montage 或分段状态；完整与拆分版本择一,/Game/Characters/Mannequins/Meshes/SK_Mannequin.SK_Mannequin,/Game/Third/SwordAnimation/Weapon_Retraction_Anim,7e293ad2ff68cb4e1684e2534fe79d81b58d75ca8c51448c88c8f03faba83880
