fps,time,position,window,base_x,base_y,base_z,tip_x,tip_y,tip_z,enemy_x,enemy_y,enemy_z,enemy_r,enemy_h
30,0.56667,0.00000,0,99.750,-961.651,379.898,80.039,-1034.096,470.184,152.844,-1000.000,295.606,34.000,88.000
30,0.60000,0.03333,0,92.919,-942.040,378.981,165.186,-965.884,468.410,155.891,-1000.000,307.750,34.000,88.000
30,0.63333,0.06667,0,26.937,-962.567,367.464,-67.635,-918.495,421.338,158.570,-1000.000,318.806,34.000,88.000
30,0.66667,0.10000,0,23.840,-985.773,357.372,-57.469,-1067.458,334.901,160.826,-1000.000,328.772,34.000,88.000
30,0.70000,0.13333,0,30.808,-977.807,360.703,-52.910,-1042.931,310.319,162.598,-1000.000,337.650,34.000,88.000
30,0.73333,0.16667,1,40.266,-966.806,365.832,-61.096,-994.230,313.275,163.834,-1000.000,345.439,34.000,88.000
30,0.76667,0.20000,1,54.011,-956.582,368.967,-49.419,-949.110,313.876,164.476,-1000.000,352.139,34.000,88.000
30,0.80000,0.23333,1,63.860,-950.622,374.102,-44.690,-944.406,329.754,164.559,-1000.000,357.750,34.000,88.000
30,0.83333,0.26667,1,93.491,-950.484,381.362,14.527,-897.529,312.449,164.559,-1000.000,362.272,34.000,88.000
30,0.86667,0.30000,1,78.192,-1034.545,450.934,178.625,-1061.696,505.382,164.559,-1000.000,365.706,34.000,88.000
30,0.90000,0.33333,1,20.032,-1029.655,448.759,8.292,-1103.589,539.227,164.559,-1000.000,368.050,34.000,88.000
30,0.93333,0.36667,1,6.766,-1024.623,447.557,-19.849,-1088.345,542.529,164.559,-1000.000,369.306,34.000,88.000
30,0.96667,0.40000,0,-3.144,-1019.647,445.471,-35.468,-1070.734,546.138,164.559,-1000.000,369.472,34.000,88.000
30,1.00000,0.43333,0,-10.056,-1015.612,442.645,-42.518,-1052.249,549.381,164.559,-1000.000,368.550,34.000,88.000
30,1.03333,0.46667,0,-13.929,-1013.416,438.802,-45.547,-1033.578,550.077,164.559,-1000.000,366.539,34.000,88.000
60,0.55000,0.00000,0,97.447,-961.922,381.911,73.351,-1029.957,474.534,151.201,-1000.000,289.125,34.000,88.000
60,0.56667,0.01667,0,99.651,-955.981,382.920,104.204,-1028.207,475.393,152.844,-1000.000,295.606,34.000,88.000
60,0.58333,0.03333,0,91.447,-942.000,380.309,158.885,-964.413,473.788,154.409,-1000.000,301.814,34.000,88.000
60,0.60000,0.05000,0,58.516,-939.509,376.999,83.803,-860.370,459.981,155.891,-1000.000,307.750,34.000,88.000
60,0.61667,0.06667,0,26.997,-962.580,368.263,-67.842,-918.808,421.910,157.281,-1000.000,313.414,34.000,88.000
60,0.63333,0.08333,0,20.389,-981.572,360.312,-85.490,-1031.344,370.360,158.570,-1000.000,318.806,34.000,88.000
60,0.65000,0.10000,0,23.944,-985.773,358.249,-57.364,-1067.458,335.778,159.755,-1000.000,323.925,34.000,88.000
60,0.66667,0.11667,0,27.412,-982.559,359.219,-50.536,-1060.013,317.825,160.826,-1000.000,328.772,34.000,88.000
60,0.68333,0.13333,0,30.913,-977.807,361.580,-52.806,-1042.931,311.196,161.776,-1000.000,333.347,34.000,88.000
60,0.70000,0.15000,0,35.082,-972.385,364.321,-58.233,-1020.137,311.401,162.598,-1000.000,337.650,34.000,88.000
60,0.71667,0.16667,1,40.370,-966.806,366.709,-60.991,-994.230,314.152,163.286,-1000.000,341.681,34.000,88.000
60,0.73333,0.18333,1,46.796,-961.457,368.468,-57.931,-969.027,315.899,163.834,-1000.000,345.439,34.000,88.000
60,0.75000,0.20000,1,54.115,-956.582,369.844,-49.315,-949.110,314.753,164.232,-1000.000,348.925,34.000,88.000
60,0.76667,0.21667,1,59.409,-952.639,372.211,-45.361,-943.824,319.923,164.476,-1000.000,352.139,34.000,88.000
60,0.78333,0.23333,1,63.964,-950.622,374.979,-44.586,-944.406,330.631,164.559,-1000.000,355.081,34.000,88.000
60,0.80000,0.25000,1,73.404,-950.240,376.934,-32.568,-931.638,329.898,164.559,-1000.000,357.750,34.000,88.000
60,0.81667,0.26667,1,93.595,-950.484,382.239,14.631,-897.529,313.326,164.559,-1000.000,360.147,34.000,88.000
60,0.83333,0.28333,1,128.680,-981.298,419.886,182.528,-898.969,355.770,164.559,-1000.000,362.272,34.000,88.000
60,0.85000,0.30000,1,78.296,-1034.545,451.811,178.729,-1061.696,506.259,164.559,-1000.000,364.125,34.000,88.000
60,0.86667,0.31667,1,28.225,-1031.706,449.672,28.241,-1109.302,537.804,164.559,-1000.000,365.706,34.000,88.000
60,0.88333,0.33333,1,20.136,-1029.655,449.636,8.396,-1103.588,540.104,164.559,-1000.000,367.014,34.000,88.000
60,0.90000,0.35000,1,13.030,-1027.216,449.179,-7.484,-1096.426,541.795,164.559,-1000.000,368.050,34.000,88.000
60,0.91667,0.36667,0,6.870,-1024.623,448.434,-19.745,-1088.345,543.406,164.559,-1000.000,368.814,34.000,88.000
60,0.93333,0.38333,0,1.539,-1022.050,447.486,-28.874,-1079.682,545.170,164.559,-1000.000,369.306,34.000,88.000
60,0.95000,0.40000,0,-3.040,-1019.647,446.348,-35.364,-1070.734,547.015,164.559,-1000.000,369.525,34.000,88.000
60,0.96667,0.41667,0,-6.881,-1017.472,445.033,-39.706,-1061.563,548.797,164.559,-1000.000,369.472,34.000,88.000
60,0.98333,0.43333,0,-9.951,-1015.612,443.522,-42.414,-1052.248,550.258,164.559,-1000.000,369.147,34.000,88.000
60,1.00000,0.45000,0,-12.259,-1014.239,441.754,-44.087,-1042.912,551.085,164.559,-1000.000,368.550,34.000,88.000
60,1.01667,0.46667,0,-13.825,-1013.416,439.679,-45.443,-1033.578,550.954,164.559,-1000.000,367.681,34.000,88.000
120,0.54167,0.00000,0,96.548,-962.127,379.892,70.291,-1027.627,473.747,150.345,-1000.000,285.783,34.000,88.000
120,0.55000,0.00833,0,97.760,-960.420,381.316,79.118,-1029.650,474.312,151.201,-1000.000,289.125,34.000,88.000
120,0.55833,0.01667,0,98.707,-955.991,380.978,100.769,-1026.218,475.065,152.022,-1000.000,292.399,34.000,88.000
120,0.56667,0.02500,0,97.406,-949.437,379.870,131.718,-1007.807,475.808,152.844,-1000.000,295.606,34.000,88.000
120,0.57500,0.03333,0,90.855,-941.978,378.213,155.721,-963.434,473.715,153.627,-1000.000,298.744,34.000,88.000
120,0.58333,0.04167,0,77.260,-937.516,377.055,142.461,-905.888,469.451,154.409,-1000.000,301.814,34.000,88.000
120,0.59167,0.05000,0,58.463,-939.534,374.773,82.388,-860.569,458.323,155.150,-1000.000,304.816,34.000,88.000
120,0.60000,0.05833,0,40.342,-949.067,371.970,-1.398,-869.739,447.821,155.891,-1000.000,307.750,34.000,88.000
120,0.60833,0.06667,0,27.189,-962.582,366.244,-67.803,-918.951,419.735,156.586,-1000.000,310.616,34.000,88.000
120,0.61667,0.07500,0,21.276,-974.401,361.174,-91.470,-982.975,392.848,157.281,-1000.000,313.414,34.000,88.000
120,0.62500,0.08333,0,20.601,-981.572,358.493,-85.277,-1031.344,368.542,157.926,-1000.000,316.144,34.000,88.000
120,0.63333,0.09167,0,22.029,-983.801,357.745,-73.697,-1051.598,352.392,158.570,-1000.000,318.806,34.000,88.000
120,0.64167,0.10000,0,24.157,-985.773,356.567,-57.152,-1067.458,334.095,159.163,-1000.000,321.399,34.000,88.000
120,0.65000,0.10833,0,25.827,-984.212,357.073,-54.043,-1064.130,325.100,159.755,-1000.000,323.925,34.000,88.000
120,0.65833,0.11667,0,27.625,-982.559,357.672,-50.324,-1060.013,316.279,160.291,-1000.000,326.383,34.000,88.000
120,0.66667,0.12500,0,29.281,-980.214,358.888,-51.767,-1051.751,313.040,160.826,-1000.000,328.772,34.000,88.000
120,0.67500,0.13333,0,31.125,-977.807,360.170,-52.593,-1042.931,309.785,161.301,-1000.000,331.094,34.000,88.000
120,0.68333,0.14167,0,33.074,-975.113,361.606,-55.844,-1031.904,310.060,161.776,-1000.000,333.347,34.000,88.000
120,0.69167,0.15000,0,35.294,-972.385,363.047,-58.021,-1020.137,310.127,162.187,-1000.000,335.533,34.000,88.000
120,0.70000,0.15833,0,37.798,-969.571,364.327,-60.104,-1007.501,311.744,162.598,-1000.000,337.650,34.000,88.000
120,0.70833,0.16667,1,40.583,-966.806,365.571,-60.779,-994.230,313.014,162.942,-1000.000,339.699,34.000,88.000
120,0.71667,0.17500,1,43.685,-964.055,366.545,-59.904,-981.737,314.150,163.286,-1000.000,341.681,34.000,88.000
120,0.72500,0.18333,1,47.008,-961.457,367.466,-57.719,-969.026,314.897,163.560,-1000.000,343.594,34.000,88.000
120,0.73333,0.19167,1,50.569,-958.900,368.252,-53.868,-958.997,314.574,163.834,-1000.000,345.439,34.000,88.000
120,0.74167,0.20000,1,54.328,-956.582,368.978,-49.102,-949.110,313.887,164.033,-1000.000,347.216,34.000,88.000
120,0.75000,0.20833,1,56.736,-954.445,370.369,-47.669,-946.607,317.202,164.232,-1000.000,348.925,34.000,88.000
120,0.75833,0.21667,1,59.621,-952.639,371.481,-45.149,-943.824,319.193,164.354,-1000.000,350.566,34.000,88.000
120,0.76667,0.22500,1,61.455,-951.287,373.093,-45.934,-944.536,326.076,164.476,-1000.000,352.139,34.000,88.000
120,0.77500,0.23333,1,64.177,-950.622,374.385,-44.373,-944.406,330.037,164.517,-1000.000,353.644,34.000,88.000
120,0.78333,0.24167,1,68.537,-949.979,375.471,-39.565,-938.245,331.145,164.559,-1000.000,355.081,34.000,88.000
120,0.79167,0.25000,1,73.616,-950.240,376.477,-32.356,-931.638,329.440,164.559,-1000.000,356.449,34.000,88.000
120,0.80000,0.25833,1,83.633,-949.423,378.423,-11.333,-913.143,319.655,164.559,-1000.000,357.750,34.000,88.000
120,0.80833,0.26667,1,93.808,-950.484,381.917,14.844,-897.529,313.005,164.559,-1000.000,358.983,34.000,88.000
120,0.81667,0.27500,1,118.752,-960.235,397.174,103.556,-876.899,315.856,164.559,-1000.000,360.147,34.000,88.000
120,0.82500,0.28333,1,128.893,-981.298,419.701,182.741,-898.969,355.585,164.559,-1000.000,361.244,34.000,88.000
120,0.83333,0.29167,1,114.432,-1011.130,445.767,223.764,-968.344,443.653,164.559,-1000.000,362.272,34.000,88.000
120,0.84167,0.30000,1,78.508,-1034.545,451.762,178.941,-1061.696,506.210,164.559,-1000.000,363.233,34.000,88.000
120,0.85000,0.30833,1,53.628,-1032.497,457.668,110.032,-1087.251,544.898,164.559,-1000.000,364.125,34.000,88.000
120,0.85833,0.31667,1,28.438,-1031.706,449.759,28.454,-1109.302,537.891,164.559,-1000.000,364.949,34.000,88.000
120,0.86667,0.32500,1,24.480,-1030.796,449.957,18.726,-1106.692,539.372,164.559,-1000.000,365.706,34.000,88.000
120,0.87500,0.33333,1,20.349,-1029.655,449.859,8.609,-1103.589,540.327,164.559,-1000.000,366.394,34.000,88.000
120,0.88333,0.34167,1,16.822,-1028.523,449.821,0.716,-1100.176,541.445,164.559,-1000.000,367.014,34.000,88.000
120,0.89167,0.35000,0,13.243,-1027.216,449.538,-7.272,-1096.426,542.154,164.559,-1000.000,367.566,34.000,88.000
120,0.90000,0.35833,0,10.131,-1025.936,449.338,-13.507,-1092.420,543.197,164.559,-1000.000,368.050,34.000,88.000
120,0.90833,0.36667,0,7.083,-1024.623,448.929,-19.532,-1088.345,543.901,164.559,-1000.000,368.466,34.000,88.000
120,0.91667,0.37500,0,4.344,-1023.287,448.613,-24.315,-1083.928,544.997,164.559,-1000.000,368.814,34.000,88.000
120,0.92500,0.38333,0,1.751,-1022.050,448.118,-28.662,-1079.682,545.801,164.559,-1000.000,369.094,34.000,88.000
120,0.93333,0.39167,0,-0.631,-1020.765,447.691,-32.176,-1075.055,546.918,164.559,-1000.000,369.306,34.000,88.000
120,0.94167,0.40000,0,-2.827,-1019.647,447.116,-35.151,-1070.734,547.782,164.559,-1000.000,369.449,34.000,88.000
120,0.95000,0.40833,0,-4.829,-1018.488,446.586,-37.571,-1066.009,548.852,164.559,-1000.000,369.525,34.000,88.000
120,0.95833,0.41667,0,-6.668,-1017.472,445.936,-39.493,-1061.563,549.700,164.559,-1000.000,369.533,34.000,88.000
120,0.96667,0.42500,0,-8.252,-1016.515,445.299,-41.020,-1056.848,550.598,164.559,-1000.000,369.472,34.000,88.000
120,0.97500,0.43333,0,-9.739,-1015.612,444.562,-42.201,-1052.249,551.297,164.559,-1000.000,369.344,34.000,88.000
120,0.98333,0.44167,0,-10.902,-1014.936,443.793,-43.113,-1047.619,551.880,164.559,-1000.000,369.147,34.000,88.000
120,0.99167,0.45000,0,-12.046,-1014.239,442.930,-43.875,-1042.913,552.261,164.559,-1000.000,368.883,34.000,88.000
120,1.00000,0.45833,0,-12.806,-1013.872,442.031,-44.514,-1038.359,552.410,164.559,-1000.000,368.550,34.000,88.000
120,1.00833,0.46667,0,-13.613,-1013.416,440.990,-45.230,-1033.578,552.266,164.559,-1000.000,368.149,34.000,88.000
120,1.01667,0.47500,0,-13.963,-1013.288,439.971,-46.008,-1029.001,551.840,164.559,-1000.000,367.681,34.000,88.000
