fps,time,direction,actor_yaw,speed,foot_l_x,foot_l_y,foot_l_z,foot_r_x,foot_r_y,foot_r_z
30,0.0333,0.000,0.000,0.000,43.296,-1038.375,0.597,-37.224,-953.801,0.920
30,0.0667,178.854,0.000,68.267,38.450,-1024.909,-1.725,-32.578,-970.304,0.383
30,0.1000,178.854,0.000,136.533,35.723,-1014.233,-1.209,-39.529,-981.088,3.652
30,0.1333,178.857,-0.003,150.000,35.414,-1010.092,-0.426,-47.099,-984.708,5.260
30,0.1667,178.859,-0.005,150.000,36.357,-1007.864,0.235,-53.008,-986.708,5.692
30,0.2000,178.860,-0.006,150.000,36.618,-1006.164,1.021,-56.818,-988.149,5.590
30,0.2333,178.862,-0.007,150.000,34.102,-1004.991,1.814,-58.175,-989.045,5.231
30,0.2667,178.862,-0.007,150.000,29.308,-1004.435,2.404,-58.993,-989.432,4.540
30,0.3000,178.863,-0.009,150.000,22.677,-1005.318,2.915,-59.230,-989.041,3.726
30,0.3333,178.863,-0.009,150.000,14.780,-1005.550,3.464,-59.690,-989.063,3.091
30,0.3667,178.864,-0.010,150.000,5.533,-1006.243,4.268,-59.986,-989.107,2.697
30,0.4000,178.864,-0.010,150.000,-5.816,-1007.494,5.357,-59.986,-989.079,2.403
30,0.4333,178.864,-0.010,150.000,-18.244,-1008.823,6.513,-59.800,-989.000,2.200
30,0.4667,178.864,-0.010,150.000,-30.540,-1009.710,7.485,-59.670,-988.940,1.983
30,0.5000,178.864,-0.010,150.000,-42.673,-1009.928,8.099,-59.705,-988.917,1.691
30,0.5333,178.864,-0.010,150.000,-55.046,-1009.751,8.562,-59.813,-988.908,1.347
30,0.5667,178.865,-0.011,150.000,-67.653,-1009.492,9.133,-65.360,-988.792,1.080
30,0.6000,178.865,-0.011,150.000,-81.307,-1009.246,9.764,-65.349,-988.868,1.006
30,0.6333,-179.998,-0.011,150.000,-94.670,-1009.026,10.342,-65.408,-988.860,0.941
30,0.6667,-179.427,-0.009,150.000,-105.909,-1008.750,10.843,-65.409,-988.749,0.900
30,0.7000,-179.141,-0.006,150.000,-114.778,-1008.104,11.483,-65.226,-988.664,0.829
30,0.7333,-178.999,-0.003,150.000,-122.382,-1007.202,11.983,-64.991,-988.577,0.809
30,0.7667,-178.929,-0.000,150.000,-129.556,-1006.363,11.710,-64.861,-988.384,1.022
30,0.8000,-178.894,0.002,150.000,-136.066,-1005.560,10.304,-64.350,-988.052,1.474
30,0.8333,-178.878,0.004,150.000,-141.900,-1004.863,8.410,-64.324,-987.590,2.118
30,0.8667,-178.870,0.006,150.000,-147.655,-1004.460,6.856,-66.456,-987.130,2.833
30,0.9000,-178.866,0.007,150.000,-152.837,-1004.326,5.690,-69.999,-986.677,3.537
30,0.9333,-178.864,0.007,150.000,-157.157,-1004.287,4.623,-74.339,-986.220,4.222
30,0.9667,-178.864,0.009,150.000,-161.128,-1004.231,3.490,-79.850,-985.768,4.893
30,1.0000,-178.864,0.009,150.000,-162.398,-1004.218,2.944,-86.889,-985.322,5.563
30,1.0333,-178.864,0.010,150.000,-162.644,-1004.237,2.617,-96.526,-984.836,6.233
30,1.0667,-178.864,0.010,150.000,-162.774,-1004.248,2.300,-109.252,-984.281,6.915
30,1.1000,-178.864,0.010,150.000,-162.835,-1004.257,2.003,-123.036,-983.785,7.634
30,1.1333,-178.864,0.010,150.000,-162.885,-1004.263,1.706,-135.895,-983.489,8.346
30,1.1667,-178.864,0.010,150.000,-163.009,-1004.275,1.376,-147.950,-983.336,9.004
30,1.2000,-178.865,0.011,150.000,-163.182,-1004.299,1.001,-160.039,-983.359,9.663
30,1.2333,-178.160,0.011,13.313,-158.716,-1004.177,0.712,-168.178,-983.494,10.437
30,1.2667,-9.037,0.009,2.009,-186.440,-1003.048,4.796,-157.969,-986.331,-2.728
30,1.3000,-1.308,0.007,10.186,-172.523,-1027.015,0.765,-171.200,-971.584,-1.981
30,1.3333,-0.535,0.006,18.000,-148.615,-1032.387,-1.773,-188.888,-960.918,-1.607
30,1.3667,-0.271,0.005,18.000,-135.208,-1034.862,-1.362,-199.835,-956.561,-0.438
30,1.4000,-0.139,0.005,18.000,-129.198,-1036.791,-0.336,-204.612,-954.928,0.361
30,1.4333,-0.071,0.003,18.000,-127.948,-1035.872,-0.403,-204.074,-955.795,0.131
30,1.4667,-0.037,0.003,18.000,-126.695,-1034.944,-0.553,-203.470,-956.746,-0.137
30,1.5000,-0.019,0.002,18.000,-125.196,-1034.465,-0.592,-203.204,-957.397,-0.314
30,1.5333,-0.010,0.002,18.000,-123.676,-1034.262,-0.549,-203.029,-957.783,-0.471
30,1.5667,-0.006,0.002,18.000,-123.046,-1034.278,-0.584,-202.651,-958.162,-0.623
30,1.6000,-0.004,0.002,18.000,-123.042,-1034.462,-0.839,-202.118,-958.537,-0.715
30,1.6333,-0.002,0.001,18.000,-122.975,-1034.637,-1.121,-201.458,-958.840,-0.679
30,1.6667,-0.001,0.001,18.000,-122.994,-1034.778,-1.123,-200.670,-959.160,-0.522
30,1.7000,-0.001,0.001,18.000,-123.006,-1034.947,-1.162,-199.767,-959.313,-0.296
30,1.7333,-0.001,0.001,18.000,-122.948,-1035.134,-1.206,-198.747,-959.012,0.004
30,1.7667,-0.001,0.001,18.000,-122.846,-1035.354,-1.251,-197.648,-958.456,0.327
30,1.8000,-0.001,0.001,18.000,-122.728,-1035.597,-1.322,-196.471,-957.778,0.608
30,1.8333,-0.001,0.001,18.000,-122.607,-1035.859,-1.410,-195.212,-957.083,0.793
30,1.8667,-0.001,0.001,18.000,-122.495,-1036.120,-1.503,-193.814,-956.383,0.793
30,1.9000,-0.001,0.001,18.000,-122.405,-1036.387,-1.610,-192.341,-955.662,0.666
30,1.9333,-0.001,0.001,18.000,-122.324,-1036.653,-1.728,-190.911,-954.944,0.536
30,1.9667,-0.001,0.001,18.000,-122.332,-1036.828,-1.846,-189.511,-954.221,0.422
30,2.0000,-0.001,0.001,18.000,-122.338,-1037.005,-1.980,-188.113,-953.501,0.309
30,2.0333,-0.001,0.001,18.000,-122.330,-1037.193,-2.128,-186.725,-952.789,0.193
30,2.0667,-0.001,0.001,18.000,-122.303,-1037.381,-2.294,-185.372,-952.096,0.077
30,2.1000,-0.001,0.001,18.000,-122.279,-1037.596,-2.464,-184.055,-951.421,-0.050
30,2.1333,-0.001,0.001,18.000,-122.255,-1037.817,-2.668,-182.777,-950.754,-0.190
30,2.1667,-0.001,0.001,18.000,-122.206,-1038.030,-2.897,-181.507,-950.121,-0.312
30,2.2000,-0.001,0.001,18.000,-122.104,-1038.211,-3.131,-180.223,-949.550,-0.396
30,2.2333,-0.001,0.001,18.000,-121.956,-1038.446,-3.374,-179.659,-949.932,-0.510
60,0.0167,0.000,0.000,0.000,43.295,-1038.381,0.593,-37.223,-953.805,0.919
60,0.0333,178.854,0.000,34.133,40.687,-1032.875,-0.931,-32.546,-960.424,-0.052
60,0.0500,178.854,0.000,68.267,37.535,-1024.362,-1.902,-30.175,-970.344,0.863
60,0.0667,178.854,0.000,102.400,35.638,-1017.912,-1.728,-32.262,-977.028,2.807
60,0.0833,178.854,0.000,136.533,34.504,-1013.894,-1.268,-36.337,-980.814,4.262
60,0.1000,178.855,-0.001,150.000,33.838,-1011.437,-0.863,-40.863,-983.045,5.126
60,0.1167,178.855,-0.001,150.000,33.562,-1009.873,-0.486,-45.039,-984.488,5.669
60,0.1333,178.855,-0.001,150.000,33.662,-1008.736,-0.202,-48.592,-985.542,6.017
60,0.1500,178.857,-0.002,150.000,34.106,-1007.781,0.084,-51.653,-986.433,6.207
60,0.1667,178.857,-0.002,150.000,34.674,-1006.930,0.407,-54.524,-987.273,6.265
60,0.1833,178.857,-0.002,150.000,35.115,-1006.161,0.767,-57.540,-988.094,6.184
60,0.2000,178.857,-0.002,150.000,35.147,-1005.489,1.164,-58.719,-988.597,6.042
60,0.2167,178.858,-0.004,150.000,34.350,-1004.997,1.534,-59.448,-988.972,5.817
60,0.2333,178.858,-0.004,150.000,32.789,-1004.663,1.873,-60.029,-989.234,5.494
60,0.2500,178.858,-0.004,150.000,30.677,-1004.451,2.156,-60.481,-989.389,5.106
60,0.2667,178.858,-0.004,150.000,28.059,-1004.778,2.412,-60.732,-989.238,4.707
60,0.2833,178.858,-0.004,150.000,24.992,-1005.260,2.652,-60.874,-989.023,4.295
60,0.3000,178.858,-0.004,150.000,21.570,-1005.267,2.865,-61.098,-989.011,3.831
60,0.3167,178.859,-0.005,150.000,17.820,-1005.330,3.107,-61.291,-988.971,3.368
60,0.3333,178.859,-0.005,150.000,13.795,-1005.465,3.395,-61.553,-989.015,3.140
60,0.3500,178.859,-0.005,150.000,9.519,-1005.698,3.740,-61.750,-989.050,2.934
60,0.3667,178.859,-0.005,150.000,4.776,-1006.088,4.169,-61.880,-989.067,2.739
60,0.3833,178.859,-0.005,150.000,-0.574,-1006.645,4.680,-61.936,-989.069,2.571
60,0.4000,178.859,-0.005,150.000,-6.388,-1007.303,5.243,-61.910,-989.049,2.433
60,0.4167,178.859,-0.005,150.000,-12.508,-1007.998,5.831,-61.832,-989.016,2.325
60,0.4333,178.859,-0.005,150.000,-18.778,-1008.657,6.411,-61.729,-988.971,2.228
60,0.4500,178.859,-0.005,150.000,-25.033,-1009.222,6.956,-61.634,-988.934,2.134
60,0.4667,178.859,-0.005,150.000,-31.127,-1009.622,7.422,-61.581,-988.906,2.019
60,0.4833,178.859,-0.005,150.000,-37.139,-1009.829,7.786,-61.576,-988.889,1.884
60,0.5000,178.859,-0.005,150.000,-43.228,-1009.893,8.067,-61.604,-988.879,1.734
60,0.5167,178.859,-0.005,150.000,-49.386,-1009.853,8.300,-61.659,-988.878,1.567
60,0.5333,178.859,-0.005,150.000,-55.583,-1009.739,8.525,-61.714,-988.872,1.391
60,0.5500,178.859,-0.005,150.000,-61.818,-1009.598,8.773,-61.759,-988.864,1.213
60,0.5667,178.859,-0.005,150.000,-68.111,-1009.473,9.075,-67.273,-988.747,1.094
60,0.5833,178.859,-0.005,150.000,-74.726,-1009.368,9.405,-67.268,-988.785,1.059
60,0.6000,178.859,-0.005,150.000,-81.679,-1009.240,9.715,-67.263,-988.822,1.019
60,0.6167,179.532,-0.005,150.000,-88.611,-1009.113,10.018,-67.278,-988.850,0.984
60,0.6333,-179.992,-0.005,150.000,-95.226,-1008.998,10.300,-67.310,-988.835,0.951
60,0.6500,-179.656,-0.005,150.000,-101.341,-1008.890,10.555,-67.331,-988.787,0.929
60,0.6667,-179.419,-0.005,150.000,-106.767,-1008.743,10.788,-67.328,-988.724,0.910
60,0.6833,-179.253,-0.003,150.000,-111.520,-1008.496,11.070,-67.271,-988.669,0.884
60,0.7000,-179.135,-0.003,150.000,-115.815,-1008.141,11.411,-67.165,-988.629,0.842
60,0.7167,-179.053,-0.002,150.000,-119.767,-1007.710,11.734,-67.036,-988.591,0.807
60,0.7333,-178.994,-0.002,150.000,-123.496,-1007.247,11.963,-66.922,-988.545,0.805
60,0.7500,-178.953,-0.001,150.000,-127.118,-1006.800,12.019,-66.844,-988.472,0.859
60,0.7667,-178.924,-0.001,150.000,-130.702,-1006.394,11.815,-66.803,-988.365,0.986
60,0.7833,-178.904,0.000,150.000,-134.139,-1006.000,11.294,-66.638,-988.221,1.178
60,0.8000,-178.890,0.000,150.000,-137.316,-1005.594,10.508,-66.327,-988.046,1.419
60,0.8167,-178.879,0.000,150.000,-140.300,-1005.208,9.575,-66.084,-987.833,1.710
60,0.8333,-178.874,0.002,150.000,-143.183,-1004.872,8.612,-66.140,-987.591,2.045
60,0.8500,-178.868,0.002,150.000,-146.050,-1004.608,7.731,-66.736,-987.350,2.401
60,0.8667,-178.865,0.002,150.000,-148.944,-1004.432,6.998,-68.008,-987.127,2.756
60,0.8833,-178.863,0.003,150.000,-151.718,-1004.332,6.387,-69.676,-986.900,3.111
60,0.9000,-178.861,0.003,150.000,-154.236,-1004.279,5.817,-71.485,-986.674,3.462
60,0.9167,-178.860,0.003,150.000,-156.521,-1004.252,5.272,-73.481,-986.446,3.807
60,0.9333,-178.859,0.003,150.000,-158.625,-1004.236,4.744,-75.716,-986.217,4.149
60,0.9500,-178.859,0.003,150.000,-160.625,-1004.218,4.207,-78.235,-985.989,4.485
60,0.9667,-178.859,0.004,150.000,-162.600,-1004.187,3.629,-81.079,-985.764,4.819
60,0.9833,-178.859,0.004,150.000,-164.084,-1004.150,3.143,-84.299,-985.541,5.152
60,1.0000,-178.859,0.004,150.000,-164.275,-1004.163,2.981,-87.933,-985.318,5.488
60,1.0167,-178.859,0.004,150.000,-164.421,-1004.174,2.818,-92.124,-985.089,5.828
60,1.0333,-178.859,0.004,150.000,-164.535,-1004.183,2.655,-97.181,-984.842,6.163
60,1.0500,-178.858,0.004,150.000,-164.617,-1004.188,2.490,-103.120,-984.569,6.498
60,1.0667,-178.858,0.004,150.000,-164.675,-1004.194,2.335,-109.664,-984.289,6.844
60,1.0833,-178.858,0.004,150.000,-164.715,-1004.199,2.182,-116.533,-984.019,7.195
60,1.1000,-178.858,0.004,150.000,-164.741,-1004.203,2.036,-123.447,-983.778,7.558
60,1.1167,-178.859,0.005,150.000,-164.763,-1004.206,1.888,-130.138,-983.589,7.920
60,1.1333,-178.859,0.005,150.000,-164.789,-1004.209,1.739,-136.462,-983.458,8.271
60,1.1500,-178.859,0.005,150.000,-164.833,-1004.214,1.585,-142.548,-983.367,8.607
60,1.1667,-178.859,0.005,150.000,-164.902,-1004.221,1.416,-148.554,-983.298,8.933
60,1.1833,-178.859,0.005,150.000,-164.989,-1004.230,1.232,-154.535,-983.262,9.256
60,1.2000,-178.859,0.005,150.000,-165.075,-1004.243,1.043,-160.604,-983.294,9.588
60,1.2167,-178.794,0.005,71.772,-163.850,-1004.235,0.852,-165.473,-983.348,9.942
60,1.2333,-178.450,0.005,14.404,-161.465,-1004.759,0.524,-169.453,-983.109,10.127
60,1.2500,-177.003,0.005,6.471,-158.805,-1005.191,0.345,-173.854,-982.776,10.319
60,1.2667,-155.423,0.005,0.706,-155.397,-1006.701,-0.236,-178.757,-981.662,9.871
60,1.2833,-4.011,0.004,3.643,-147.527,-1012.340,-2.157,-187.701,-977.310,6.151
60,1.3000,-1.638,0.004,7.734,-142.327,-1011.129,-3.789,-201.915,-976.858,3.730
60,1.3167,-0.930,0.004,11.829,-164.218,-1036.919,-5.863,-191.398,-955.350,3.388
60,1.3333,-0.600,0.004,15.924,-150.123,-1036.043,-4.836,-200.659,-960.786,1.905
60,1.3500,-0.414,0.003,18.000,-142.434,-1035.455,-3.786,-203.763,-961.530,0.904
60,1.3667,-0.293,0.003,18.000,-137.581,-1035.717,-2.656,-205.403,-959.732,0.500
60,1.3833,-0.207,0.003,18.000,-134.397,-1036.457,-1.631,-206.673,-957.668,0.526
60,1.4000,-0.147,0.003,18.000,-132.444,-1036.972,-0.939,-207.464,-956.346,0.636
60,1.4167,-0.105,0.003,18.000,-131.622,-1036.891,-0.761,-207.402,-956.161,0.665
60,1.4333,-0.074,0.002,18.000,-131.457,-1036.579,-0.866,-206.784,-956.407,0.685
60,1.4500,-0.052,0.002,18.000,-131.498,-1036.329,-1.034,-205.996,-956.578,0.734
60,1.4667,-0.038,0.002,18.000,-131.628,-1036.164,-1.208,-205.136,-956.643,0.794
60,1.4833,-0.027,0.002,18.000,-131.741,-1036.100,-1.353,-204.278,-956.557,0.826
60,1.5000,-0.019,0.002,18.000,-131.798,-1036.119,-1.457,-203.436,-956.345,0.811
60,1.5167,-0.014,0.002,18.000,-131.809,-1036.197,-1.536,-202.634,-956.047,0.761
60,1.5333,-0.011,0.002,18.000,-131.778,-1036.315,-1.597,-201.876,-955.705,0.688
60,1.5500,-0.008,0.002,18.000,-131.725,-1036.448,-1.656,-201.147,-955.347,0.616
60,1.5667,-0.006,0.002,18.000,-131.673,-1036.588,-1.717,-200.442,-954.992,0.553
60,1.5833,-0.005,0.002,18.000,-131.681,-1036.670,-1.768,-199.746,-954.635,0.496
60,1.6000,-0.004,0.002,18.000,-131.681,-1036.762,-1.831,-199.045,-954.274,0.437
60,1.6167,-0.003,0.002,18.000,-131.681,-1036.853,-1.891,-198.341,-953.915,0.381
60,1.6333,-0.003,0.002,18.000,-131.684,-1036.937,-1.961,-197.645,-953.553,0.326
60,1.6500,-0.002,0.002,18.000,-131.681,-1037.028,-2.033,-196.948,-953.194,0.267
60,1.6667,-0.002,0.002,18.000,-131.677,-1037.122,-2.109,-196.256,-952.840,0.209
60,1.6833,-0.002,0.002,18.000,-131.668,-1037.220,-2.186,-195.571,-952.492,0.149
60,1.7000,-0.002,0.002,18.000,-131.655,-1037.309,-2.269,-194.898,-952.143,0.095
60,1.7167,-0.002,0.002,18.000,-131.634,-1037.411,-2.358,-194.229,-951.803,0.031
60,1.7333,-0.002,0.002,18.000,-131.627,-1037.519,-2.439,-193.577,-951.467,-0.031
60,1.7500,-0.002,0.002,18.000,-131.615,-1037.626,-2.537,-192.932,-951.127,-0.102
60,1.7667,-0.002,0.002,18.000,-131.604,-1037.742,-2.638,-192.294,-950.799,-0.171
60,1.7833,-0.002,0.002,18.000,-131.586,-1037.853,-2.749,-191.660,-950.474,-0.237
60,1.8000,-0.002,0.002,18.000,-131.559,-1037.958,-2.866,-191.026,-950.160,-0.298
60,1.8167,-0.002,0.002,18.000,-131.522,-1038.057,-2.982,-190.387,-949.859,-0.348
60,1.8333,-0.002,0.002,18.000,-131.467,-1038.147,-3.097,-189.744,-949.580,-0.386
60,1.8500,-0.002,0.002,18.000,-131.398,-1038.236,-3.217,-189.207,-949.455,-0.424
60,1.8667,-0.002,0.002,18.000,-131.321,-1038.361,-3.340,-189.045,-949.799,-0.484
60,1.8833,-0.002,0.002,18.000,-131.241,-1038.507,-3.459,-188.902,-950.119,-0.586
60,1.9000,-0.002,0.002,18.000,-131.147,-1038.641,-3.544,-188.769,-950.417,-0.700
60,1.9167,-0.002,0.002,18.000,-131.029,-1038.733,-3.582,-188.648,-950.692,-0.823
60,1.9333,-0.002,0.002,18.000,-130.894,-1038.759,-3.555,-188.531,-950.960,-0.892
60,1.9500,-0.002,0.002,18.000,-130.772,-1038.732,-3.469,-188.436,-951.283,-0.840
60,1.9667,-0.002,0.002,18.000,-130.665,-1038.672,-3.340,-188.356,-951.591,-0.790
60,1.9833,-0.002,0.002,18.000,-130.540,-1038.591,-3.179,-188.292,-951.889,-0.740
60,2.0000,-0.002,0.002,18.000,-130.373,-1038.492,-2.999,-188.255,-952.172,-0.688
60,2.0167,-0.002,0.002,18.000,-130.113,-1038.386,-2.819,-188.228,-952.444,-0.638
60,2.0333,-0.002,0.002,18.000,-129.746,-1038.285,-2.644,-188.219,-952.686,-0.581
60,2.0500,-0.002,0.002,18.000,-129.264,-1038.182,-2.463,-188.239,-952.874,-0.511
60,2.0667,-0.002,0.002,18.000,-128.694,-1038.082,-2.267,-188.289,-953.047,-0.439
60,2.0833,-0.002,0.002,18.000,-128.062,-1037.982,-2.067,-188.363,-953.208,-0.371
60,2.1000,-0.002,0.002,18.000,-127.387,-1037.880,-1.872,-188.456,-953.353,-0.309
60,2.1167,-0.002,0.002,18.000,-126.692,-1037.780,-1.689,-188.553,-953.495,-0.255
60,2.1333,-0.002,0.002,18.000,-125.986,-1037.687,-1.532,-188.649,-953.635,-0.214
60,2.1500,-0.002,0.002,18.000,-125.241,-1037.603,-1.378,-188.743,-953.779,-0.177
60,2.1667,-0.002,0.002,18.000,-124.466,-1037.530,-1.234,-188.844,-953.924,-0.147
60,2.1833,-0.002,0.002,18.000,-123.665,-1037.458,-1.104,-188.938,-954.068,-0.122
60,2.2000,-0.002,0.002,18.000,-122.863,-1037.369,-0.986,-189.037,-954.204,-0.101
60,2.2167,-0.002,0.002,18.000,-122.064,-1037.251,-0.893,-189.161,-954.294,-0.099
120,0.0083,0.000,0.000,0.000,43.295,-1038.379,0.587,-37.227,-953.809,0.918
120,0.0167,178.854,0.000,17.067,42.316,-1036.670,-0.016,-35.191,-955.733,0.480
120,0.0250,178.854,0.000,34.133,40.437,-1032.951,-1.008,-31.813,-960.080,0.048
120,0.0333,178.854,0.000,51.200,38.481,-1028.612,-1.726,-29.423,-965.136,0.277
120,0.0417,178.854,0.000,68.267,36.814,-1024.458,-2.022,-28.538,-969.777,1.092
120,0.0500,178.854,0.000,85.333,35.538,-1020.887,-2.014,-28.884,-973.544,2.131
120,0.0583,178.854,0.000,102.400,34.597,-1017.993,-1.835,-30.099,-976.437,3.144
120,0.0667,178.854,0.000,119.467,33.895,-1015.720,-1.600,-31.841,-978.606,3.983
120,0.0750,178.854,0.000,136.533,33.324,-1013.956,-1.353,-33.961,-980.259,4.637
120,0.0833,178.854,0.000,150.000,32.837,-1012.581,-1.133,-36.251,-981.530,5.116
120,0.0917,178.854,0.000,150.000,32.481,-1011.487,-0.929,-38.599,-982.560,5.471
120,0.1000,178.854,0.000,150.000,32.229,-1010.596,-0.759,-40.886,-983.390,5.736
120,0.1083,178.854,0.000,150.000,32.043,-1009.846,-0.597,-43.173,-984.111,5.946
120,0.1167,178.854,0.000,150.000,31.939,-1009.230,-0.432,-45.261,-984.704,6.121
120,0.1250,178.854,0.000,150.000,31.883,-1008.687,-0.260,-47.305,-985.249,6.289
120,0.1333,178.855,-0.001,150.000,31.954,-1008.199,-0.134,-49.075,-985.717,6.403
120,0.1417,178.855,-0.001,150.000,32.080,-1007.744,0.000,-50.787,-986.172,6.532
120,0.1500,178.855,-0.001,150.000,32.322,-1007.310,0.129,-52.310,-986.588,6.584
120,0.1583,178.855,-0.001,150.000,32.608,-1006.899,0.284,-53.798,-987.002,6.653
120,0.1667,178.855,-0.001,150.000,32.909,-1006.508,0.430,-55.226,-987.399,6.647
120,0.1750,178.855,-0.001,150.000,33.223,-1006.142,0.609,-56.646,-987.795,6.651
120,0.1833,178.855,-0.001,150.000,33.450,-1005.797,0.771,-58.152,-988.179,6.578
120,0.1917,178.855,-0.001,150.000,33.663,-1005.483,0.965,-59.667,-988.553,6.501
120,0.2000,178.855,-0.001,150.000,33.669,-1005.196,1.142,-60.208,-988.765,6.395
120,0.2083,178.855,-0.001,150.000,33.635,-1004.948,1.345,-60.612,-988.933,6.280
120,0.2167,178.855,-0.001,150.000,33.198,-1004.765,1.505,-60.957,-989.077,6.124
120,0.2250,178.855,-0.001,150.000,32.704,-1004.625,1.672,-61.283,-989.194,5.961
120,0.2333,178.855,-0.001,150.000,31.884,-1004.512,1.820,-61.559,-989.285,5.761
120,0.2417,178.855,-0.001,150.000,31.020,-1004.430,1.967,-61.821,-989.354,5.559
120,0.2500,178.855,-0.001,150.000,29.930,-1004.366,2.090,-62.038,-989.399,5.333
120,0.2583,178.855,-0.001,150.000,28.806,-1004.721,2.234,-62.147,-989.219,5.145
120,0.2667,178.855,-0.001,150.000,27.463,-1005.123,2.362,-62.215,-989.021,4.939
120,0.2750,178.856,-0.002,150.000,26.105,-1005.241,2.470,-62.347,-988.976,4.721
120,0.2833,178.856,-0.002,150.000,24.563,-1005.233,2.568,-62.484,-988.982,4.480
120,0.2917,178.856,-0.002,150.000,23.009,-1005.224,2.670,-62.614,-988.990,4.258
120,0.3000,178.856,-0.002,150.000,21.288,-1005.229,2.773,-62.727,-988.981,4.016
120,0.3083,178.856,-0.002,150.000,19.555,-1005.233,2.884,-62.834,-988.975,3.794
120,0.3167,178.856,-0.002,150.000,17.672,-1005.268,3.001,-62.931,-988.952,3.550
120,0.3250,178.856,-0.002,150.000,15.776,-1005.302,3.130,-63.026,-988.936,3.335
120,0.3333,178.856,-0.002,150.000,13.758,-1005.372,3.267,-63.164,-988.963,3.219
120,0.3417,178.856,-0.002,150.000,11.726,-1005.444,3.422,-63.292,-988.984,3.124
120,0.3500,178.856,-0.002,150.000,9.586,-1005.563,3.587,-63.393,-989.004,3.011
120,0.3583,178.856,-0.002,150.000,7.420,-1005.688,3.773,-63.482,-989.018,2.917
120,0.3667,178.856,-0.002,150.000,5.042,-1005.887,3.975,-63.550,-989.028,2.811
120,0.3750,178.856,-0.002,150.000,2.627,-1006.094,4.208,-63.606,-989.033,2.724
120,0.3833,178.856,-0.002,150.000,-0.057,-1006.374,4.446,-63.638,-989.036,2.631
120,0.3917,178.856,-0.002,150.000,-2.772,-1006.663,4.725,-63.655,-989.033,2.557
120,0.4000,178.856,-0.002,150.000,-5.685,-1006.993,4.986,-63.646,-989.023,2.480
120,0.4083,178.856,-0.002,150.000,-8.620,-1007.327,5.289,-63.623,-989.011,2.422
120,0.4167,178.856,-0.002,150.000,-11.684,-1007.675,5.562,-63.590,-988.994,2.359
120,0.4250,178.856,-0.002,150.000,-14.758,-1008.021,5.875,-63.543,-988.978,2.315
120,0.4333,178.856,-0.002,150.000,-17.895,-1008.351,6.144,-63.496,-988.953,2.257
120,0.4417,178.856,-0.002,150.000,-21.029,-1008.672,6.450,-63.440,-988.932,2.217
120,0.4500,178.856,-0.002,150.000,-24.160,-1008.957,6.704,-63.396,-988.912,2.162
120,0.4583,178.856,-0.002,150.000,-27.271,-1009.223,6.987,-63.349,-988.897,2.121
120,0.4667,178.856,-0.002,150.000,-30.321,-1009.427,7.206,-63.325,-988.881,2.057
120,0.4750,178.856,-0.002,150.000,-33.358,-1009.606,7.445,-63.300,-988.870,2.005
120,0.4833,178.856,-0.002,150.000,-36.365,-1009.715,7.613,-63.298,-988.860,1.932
120,0.4917,178.856,-0.002,150.000,-39.376,-1009.802,7.801,-63.297,-988.854,1.869
120,0.5000,178.856,-0.002,150.000,-42.422,-1009.839,7.927,-63.312,-988.848,1.789
120,0.5083,178.856,-0.002,150.000,-45.471,-1009.858,8.078,-63.327,-988.844,1.717
120,0.5167,178.856,-0.002,150.000,-48.551,-1009.843,8.179,-63.356,-988.844,1.629
120,0.5250,178.856,-0.002,150.000,-51.632,-1009.811,8.310,-63.383,-988.843,1.549
120,0.5333,178.856,-0.002,150.000,-54.732,-1009.758,8.409,-63.411,-988.839,1.457
120,0.5417,178.856,-0.002,150.000,-57.833,-1009.695,8.538,-63.437,-988.836,1.374
120,0.5500,178.856,-0.002,150.000,-60.952,-1009.627,8.649,-63.460,-988.832,1.281
120,0.5583,178.856,-0.002,150.000,-64.071,-1009.555,8.792,-63.480,-988.828,1.195
120,0.5667,178.856,-0.002,150.000,-67.212,-1009.494,8.932,-63.495,-988.823,1.101
120,0.5750,178.856,-0.002,150.000,-70.391,-1009.431,9.096,-68.991,-988.715,1.088
120,0.5833,178.856,-0.002,150.000,-73.688,-1009.382,9.253,-68.988,-988.732,1.067
120,0.5917,178.856,-0.002,150.000,-77.036,-1009.325,9.423,-68.986,-988.753,1.053
120,0.6000,178.856,-0.002,150.000,-80.515,-1009.265,9.568,-68.984,-988.771,1.029
120,0.6083,179.228,-0.002,150.000,-83.987,-1009.203,9.732,-68.986,-988.793,1.013
120,0.6167,179.539,-0.002,150.000,-87.466,-1009.144,9.875,-68.994,-988.806,0.993
120,0.6250,179.799,-0.002,150.000,-90.885,-1009.087,10.034,-69.009,-988.810,0.979
120,0.6333,-179.982,-0.002,150.000,-94.216,-1009.034,10.166,-69.026,-988.803,0.959
120,0.6417,-179.799,-0.002,150.000,-97.456,-1008.983,10.315,-69.043,-988.788,0.946
120,0.6500,-179.646,-0.002,150.000,-100.551,-1008.934,10.436,-69.054,-988.765,0.933
120,0.6583,-179.517,-0.002,150.000,-103.513,-1008.879,10.570,-69.062,-988.737,0.925
120,0.6667,-179.409,-0.002,150.000,-106.267,-1008.813,10.679,-69.063,-988.706,0.914
120,0.6750,-179.319,-0.002,150.000,-108.883,-1008.727,10.809,-69.053,-988.677,0.906
120,0.6833,-179.243,-0.002,150.000,-111.290,-1008.610,10.944,-69.027,-988.650,0.892
120,0.6917,-179.180,-0.002,150.000,-113.598,-1008.470,11.098,-68.990,-988.627,0.878
120,0.7000,-179.127,-0.002,150.000,-115.771,-1008.297,11.268,-68.938,-988.608,0.856
120,0.7083,-179.082,-0.002,150.000,-117.865,-1008.107,11.439,-68.880,-988.590,0.837
120,0.7167,-179.046,-0.001,150.000,-119.859,-1007.893,11.605,-68.813,-988.573,0.816
120,0.7250,-179.015,-0.001,150.000,-121.799,-1007.671,11.755,-68.750,-988.555,0.804
120,0.7333,-178.989,-0.001,150.000,-123.674,-1007.437,11.881,-68.690,-988.535,0.798
120,0.7417,-178.967,-0.001,150.000,-125.519,-1007.206,11.971,-68.637,-988.511,0.806
120,0.7500,-178.948,-0.001,150.000,-127.333,-1006.978,12.018,-68.592,-988.478,0.827
120,0.7583,-178.933,-0.001,150.000,-129.141,-1006.761,12.006,-68.563,-988.438,0.867
120,0.7667,-178.920,-0.001,150.000,-130.943,-1006.556,11.931,-68.551,-988.389,0.925
120,0.7750,-178.910,0.000,150.000,-132.714,-1006.356,11.774,-68.511,-988.330,1.000
120,0.7833,-178.901,0.000,150.000,-134.457,-1006.160,11.539,-68.445,-988.263,1.093
120,0.7917,-178.894,0.000,150.000,-136.129,-1005.959,11.229,-68.331,-988.187,1.195
120,0.8000,-178.887,0.000,150.000,-137.737,-1005.754,10.852,-68.173,-988.104,1.312
120,0.8083,-178.882,0.000,150.000,-139.289,-1005.552,10.429,-68.021,-988.010,1.440
120,0.8167,-178.877,0.000,150.000,-140.793,-1005.355,9.968,-67.875,-987.908,1.583
120,0.8250,-178.874,0.000,150.000,-142.264,-1005.169,9.491,-67.798,-987.796,1.735
120,0.8333,-178.871,0.000,150.000,-143.708,-1004.994,9.005,-67.777,-987.677,1.901
120,0.8417,-178.868,0.000,150.000,-145.144,-1004.838,8.534,-67.896,-987.556,2.073
120,0.8500,-178.866,0.000,150.000,-146.572,-1004.696,8.080,-68.117,-987.433,2.251
120,0.8583,-178.865,0.001,150.000,-148.016,-1004.582,7.664,-68.554,-987.317,2.430
120,0.8667,-178.863,0.001,150.000,-149.472,-1004.484,7.287,-69.139,-987.206,2.608
120,0.8750,-178.862,0.001,150.000,-150.903,-1004.412,6.942,-69.865,-987.094,2.786
120,0.8833,-178.861,0.001,150.000,-152.320,-1004.355,6.638,-70.685,-986.981,2.964
120,0.8917,-178.860,0.001,150.000,-153.655,-1004.316,6.335,-71.544,-986.868,3.141
120,0.9000,-178.859,0.001,150.000,-154.942,-1004.285,6.054,-72.429,-986.756,3.318
120,0.9083,-178.859,0.001,150.000,-156.153,-1004.266,5.767,-73.368,-986.643,3.491
120,0.9167,-178.858,0.001,150.000,-157.318,-1004.249,5.498,-74.339,-986.529,3.664
120,0.9250,-178.858,0.001,150.000,-158.421,-1004.240,5.224,-75.383,-986.414,3.835
120,0.9333,-178.857,0.001,150.000,-159.486,-1004.229,4.966,-76.466,-986.300,4.008
120,0.9417,-178.857,0.001,150.000,-160.515,-1004.224,4.696,-77.641,-986.186,4.177
120,0.9500,-178.857,0.001,150.000,-161.518,-1004.214,4.439,-78.860,-986.072,4.346
120,0.9583,-178.857,0.001,150.000,-162.512,-1004.206,4.157,-80.186,-985.958,4.513
120,0.9667,-178.856,0.001,150.000,-163.491,-1004.191,3.882,-81.560,-985.846,4.682
120,0.9750,-178.856,0.001,150.000,-164.488,-1004.173,3.575,-83.061,-985.734,4.848
120,0.9833,-178.856,0.001,150.000,-165.481,-1004.146,3.270,-84.616,-985.623,5.016
120,0.9917,-178.856,0.001,150.000,-165.820,-1004.139,3.128,-86.315,-985.511,5.180
120,1.0000,-178.856,0.001,150.000,-165.921,-1004.147,3.052,-88.069,-985.400,5.350
120,1.0083,-178.857,0.002,150.000,-166.007,-1004.153,2.966,-89.987,-985.287,5.517
120,1.0167,-178.857,0.002,150.000,-166.082,-1004.158,2.889,-91.964,-985.175,5.695
120,1.0250,-178.857,0.002,150.000,-166.150,-1004.164,2.804,-94.247,-985.057,5.856
120,1.0333,-178.857,0.002,150.000,-166.210,-1004.168,2.729,-96.633,-984.938,6.042
120,1.0417,-178.857,0.002,150.000,-166.262,-1004.172,2.640,-99.385,-984.808,6.188
120,1.0500,-178.857,0.002,150.000,-166.303,-1004.173,2.560,-102.250,-984.673,6.378
120,1.0583,-178.857,0.002,150.000,-166.341,-1004.178,2.476,-105.383,-984.534,6.524
120,1.0667,-178.856,0.002,150.000,-166.370,-1004.179,2.405,-108.590,-984.393,6.726
120,1.0750,-178.856,0.002,150.000,-166.398,-1004.184,2.321,-111.962,-984.254,6.869
120,1.0833,-178.856,0.002,150.000,-166.418,-1004.183,2.248,-115.374,-984.116,7.073
120,1.0917,-178.856,0.002,150.000,-166.436,-1004.188,2.169,-118.843,-983.985,7.222
120,1.1000,-178.856,0.002,150.000,-166.447,-1004.188,2.102,-122.322,-983.860,7.432
120,1.1083,-178.856,0.002,150.000,-166.462,-1004.192,2.023,-125.746,-983.749,7.586
120,1.1167,-178.856,0.002,150.000,-166.470,-1004.191,1.956,-129.156,-983.647,7.793
120,1.1250,-178.856,0.002,150.000,-166.483,-1004.195,1.875,-132.404,-983.565,7.947
120,1.1333,-178.856,0.002,150.000,-166.490,-1004.193,1.807,-135.624,-983.496,8.146
120,1.1417,-178.856,0.002,150.000,-166.510,-1004.198,1.726,-138.700,-983.438,8.299
120,1.1500,-178.856,0.002,150.000,-166.526,-1004.198,1.657,-141.754,-983.393,8.493
120,1.1583,-178.856,0.002,150.000,-166.556,-1004.203,1.571,-144.780,-983.350,8.633
120,1.1667,-178.856,0.002,150.000,-166.584,-1004.204,1.496,-147.797,-983.320,8.820
120,1.1750,-178.856,0.002,150.000,-166.628,-1004.210,1.400,-150.778,-983.281,8.959
120,1.1833,-178.856,0.002,150.000,-166.669,-1004.212,1.317,-153.747,-983.253,9.145
120,1.1917,-178.856,0.002,150.000,-166.714,-1004.220,1.216,-156.767,-983.252,9.282
120,1.2000,-178.856,0.002,150.000,-166.757,-1004.224,1.128,-159.778,-983.264,9.471
120,1.2083,-178.835,0.002,110.886,-166.474,-1004.227,1.026,-162.518,-983.281,9.616
120,1.2167,-178.804,0.002,76.987,-165.861,-1004.374,0.879,-164.906,-983.251,9.752
120,1.2250,-178.753,0.002,47.608,-164.966,-1004.645,0.682,-167.100,-983.153,9.811
120,1.2333,-178.637,0.002,22.146,-163.872,-1004.756,0.544,-169.195,-983.069,9.967
120,1.2417,-0.002,0.002,2.048,-160.973,-1004.892,-0.143,-174.079,-981.879,9.394
120,1.2500,-0.002,0.002,4.096,-157.377,-1000.546,-0.545,-183.107,-984.181,9.031
120,1.2583,-0.002,0.002,6.144,-153.291,-1001.644,-2.765,-195.137,-981.472,5.714
120,1.2667,-0.002,0.002,8.192,-166.130,-1034.885,-3.795,-185.715,-958.523,4.794
120,1.2750,-0.002,0.002,10.240,-165.686,-1039.933,-3.095,-188.300,-957.259,4.194
120,1.2833,-0.002,0.002,12.288,-155.528,-1035.948,-3.333,-198.021,-962.271,3.837
120,1.2917,-0.002,0.002,14.336,-149.313,-1032.577,-3.507,-203.301,-967.224,3.411
120,1.3000,-0.002,0.002,16.384,-146.007,-1029.195,-3.779,-206.152,-970.431,2.638
120,1.3083,-0.002,0.002,18.000,-143.800,-1027.351,-3.940,-207.304,-972.263,1.921
120,1.3167,-0.002,0.002,18.000,-142.195,-1026.710,-4.011,-207.516,-972.746,1.273
120,1.3250,-0.002,0.002,18.000,-140.912,-1026.915,-3.970,-207.393,-972.252,0.752
120,1.3333,-0.002,0.002,18.000,-139.797,-1027.671,-3.840,-207.105,-970.930,0.335
120,1.3417,-0.002,0.002,18.000,-138.773,-1028.743,-3.615,-206.895,-969.203,0.061
120,1.3500,-0.002,0.002,18.000,-137.749,-1029.975,-3.297,-206.769,-967.173,-0.089
120,1.3583,-0.002,0.002,18.000,-136.771,-1031.222,-2.923,-206.796,-965.142,-0.123
120,1.3667,-0.002,0.002,18.000,-135.847,-1032.401,-2.530,-206.931,-963.193,-0.071
120,1.3750,-0.002,0.002,18.000,-134.998,-1033.452,-2.133,-207.155,-961.467,0.037
120,1.3833,-0.002,0.002,18.000,-134.238,-1034.336,-1.770,-207.400,-959.996,0.162
120,1.3917,-0.002,0.002,18.000,-133.596,-1035.026,-1.459,-207.621,-958.846,0.293
120,1.4000,-0.002,0.002,18.000,-133.100,-1035.509,-1.232,-207.743,-958.018,0.402
120,1.4083,-0.002,0.002,18.000,-132.786,-1035.776,-1.109,-207.714,-957.536,0.486
120,1.4167,-0.002,0.002,18.000,-132.622,-1035.894,-1.072,-207.539,-957.283,0.548
120,1.4250,-0.002,0.002,18.000,-132.571,-1035.910,-1.091,-207.257,-957.174,0.603
120,1.4333,-0.002,0.002,18.000,-132.586,-1035.876,-1.151,-206.891,-957.136,0.648
120,1.4417,-0.002,0.002,18.000,-132.640,-1035.834,-1.223,-206.498,-957.109,0.698
120,1.4500,-0.002,0.002,18.000,-132.682,-1035.820,-1.287,-206.107,-957.050,0.737
120,1.4583,-0.002,0.002,18.000,-132.710,-1035.826,-1.340,-205.728,-956.961,0.780
120,1.4667,-0.002,0.002,18.000,-132.728,-1035.848,-1.386,-205.346,-956.844,0.802
120,1.4750,-0.002,0.002,18.000,-132.734,-1035.886,-1.428,-204.977,-956.711,0.820
120,1.4833,-0.002,0.002,18.000,-132.726,-1035.936,-1.461,-204.598,-956.554,0.814
120,1.4917,-0.002,0.002,18.000,-132.708,-1035.992,-1.488,-204.231,-956.388,0.807
120,1.5000,-0.002,0.002,18.000,-132.687,-1036.054,-1.514,-203.860,-956.212,0.783
120,1.5083,-0.002,0.002,18.000,-132.664,-1036.120,-1.539,-203.495,-956.032,0.758
120,1.5167,-0.002,0.002,18.000,-132.640,-1036.184,-1.567,-203.124,-955.853,0.723
120,1.5250,-0.002,0.002,18.000,-132.619,-1036.253,-1.593,-202.755,-955.672,0.688
120,1.5333,-0.002,0.002,18.000,-132.595,-1036.321,-1.623,-202.387,-955.491,0.651
120,1.5417,-0.002,0.002,18.000,-132.571,-1036.389,-1.653,-202.022,-955.310,0.616
120,1.5500,-0.002,0.002,18.000,-132.545,-1036.461,-1.686,-201.669,-955.131,0.583
120,1.5583,-0.002,0.002,18.000,-132.521,-1036.532,-1.715,-201.315,-954.953,0.553
120,1.5667,-0.002,0.002,18.000,-132.526,-1036.576,-1.737,-200.965,-954.775,0.525
120,1.5750,-0.002,0.002,18.000,-132.531,-1036.615,-1.765,-200.618,-954.595,0.497
120,1.5833,-0.002,0.002,18.000,-132.533,-1036.661,-1.798,-200.267,-954.415,0.466
120,1.5917,-0.002,0.002,18.000,-132.533,-1036.708,-1.829,-199.916,-954.233,0.438
120,1.6000,-0.002,0.002,18.000,-132.532,-1036.752,-1.859,-199.563,-954.051,0.411
120,1.6083,-0.002,0.002,18.000,-132.534,-1036.799,-1.889,-199.211,-953.873,0.381
120,1.6167,-0.002,0.002,18.000,-132.535,-1036.841,-1.924,-198.862,-953.689,0.355
120,1.6250,-0.002,0.002,18.000,-132.537,-1036.884,-1.959,-198.514,-953.510,0.327
120,1.6333,-0.002,0.002,18.000,-132.536,-1036.928,-1.996,-198.166,-953.330,0.297
120,1.6417,-0.002,0.002,18.000,-132.535,-1036.975,-2.031,-197.816,-953.151,0.268
120,1.6500,-0.002,0.002,18.000,-132.534,-1037.026,-2.066,-197.469,-952.976,0.240
120,1.6583,-0.002,0.002,18.000,-132.531,-1037.069,-2.107,-197.125,-952.796,0.210
120,1.6667,-0.002,0.002,18.000,-132.528,-1037.118,-2.143,-196.780,-952.621,0.182
120,1.6750,-0.002,0.002,18.000,-132.523,-1037.167,-2.184,-196.439,-952.448,0.150
120,1.6833,-0.002,0.002,18.000,-132.517,-1037.212,-2.226,-196.102,-952.275,0.121
120,1.6917,-0.002,0.002,18.000,-132.510,-1037.257,-2.268,-195.766,-952.099,0.096
120,1.7000,-0.002,0.002,18.000,-132.498,-1037.307,-2.313,-195.431,-951.931,0.064
120,1.7083,-0.002,0.002,18.000,-132.489,-1037.358,-2.356,-195.097,-951.759,0.032
120,1.7167,-0.002,0.002,18.000,-132.487,-1037.411,-2.396,-194.771,-951.590,0.002
120,1.7250,-0.002,0.002,18.000,-132.482,-1037.466,-2.437,-194.444,-951.423,-0.030
120,1.7333,-0.002,0.002,18.000,-132.476,-1037.522,-2.485,-194.120,-951.255,-0.065
120,1.7417,-0.002,0.002,18.000,-132.471,-1037.573,-2.535,-193.799,-951.083,-0.101
120,1.7500,-0.002,0.002,18.000,-132.465,-1037.630,-2.585,-193.478,-950.915,-0.135
120,1.7583,-0.002,0.002,18.000,-132.460,-1037.689,-2.636,-193.161,-950.754,-0.170
120,1.7667,-0.002,0.002,18.000,-132.451,-1037.745,-2.691,-192.843,-950.590,-0.204
120,1.7750,-0.002,0.002,18.000,-132.441,-1037.800,-2.747,-192.526,-950.430,-0.236
120,1.7833,-0.002,0.002,18.000,-132.429,-1037.854,-2.805,-192.211,-950.274,-0.268
120,1.7917,-0.002,0.002,18.000,-132.414,-1037.906,-2.864,-191.892,-950.115,-0.297
120,1.8000,-0.002,0.002,18.000,-132.399,-1037.956,-2.922,-191.573,-949.962,-0.323
120,1.8083,-0.002,0.002,18.000,-132.378,-1038.004,-2.980,-191.253,-949.814,-0.347
120,1.8167,-0.002,0.002,18.000,-132.352,-1038.051,-3.037,-190.933,-949.672,-0.368
120,1.8250,-0.002,0.002,18.000,-132.324,-1038.095,-3.095,-190.611,-949.535,-0.386
120,1.8333,-0.002,0.002,18.000,-132.290,-1038.132,-3.156,-190.287,-949.399,-0.403
120,1.8417,-0.002,0.002,18.000,-132.254,-1038.184,-3.215,-190.065,-949.398,-0.423
120,1.8500,-0.002,0.002,18.000,-132.216,-1038.242,-3.275,-189.982,-949.574,-0.447
120,1.8583,-0.002,0.002,18.000,-132.178,-1038.308,-3.338,-189.903,-949.743,-0.482
120,1.8667,-0.002,0.002,18.000,-132.140,-1038.382,-3.400,-189.829,-949.905,-0.531
120,1.8750,-0.002,0.002,18.000,-132.098,-1038.454,-3.457,-189.759,-950.063,-0.584
120,1.8833,-0.002,0.002,18.000,-132.053,-1038.524,-3.506,-189.694,-950.216,-0.641
120,1.8917,-0.002,0.002,18.000,-132.004,-1038.589,-3.543,-189.627,-950.362,-0.698
120,1.9000,-0.002,0.002,18.000,-131.949,-1038.643,-3.571,-189.565,-950.502,-0.759
120,1.9083,-0.002,0.002,18.000,-131.887,-1038.682,-3.582,-189.505,-950.637,-0.820
120,1.9167,-0.002,0.002,18.000,-131.818,-1038.704,-3.577,-189.445,-950.762,-0.880
120,1.9250,-0.002,0.002,18.000,-131.752,-1038.709,-3.556,-189.389,-950.904,-0.893
120,1.9333,-0.002,0.002,18.000,-131.685,-1038.702,-3.521,-189.335,-951.069,-0.868
120,1.9417,-0.002,0.002,18.000,-131.629,-1038.683,-3.471,-189.292,-951.227,-0.841
120,1.9500,-0.002,0.002,18.000,-131.578,-1038.656,-3.413,-189.251,-951.382,-0.816
120,1.9583,-0.002,0.002,18.000,-131.523,-1038.623,-3.343,-189.212,-951.535,-0.791
120,1.9667,-0.002,0.002,18.000,-131.465,-1038.585,-3.265,-189.178,-951.687,-0.765
120,1.9750,-0.002,0.002,18.000,-131.398,-1038.542,-3.183,-189.148,-951.833,-0.741
120,1.9833,-0.002,0.002,18.000,-131.326,-1038.494,-3.092,-189.129,-951.979,-0.714
120,1.9917,-0.002,0.002,18.000,-131.232,-1038.444,-3.002,-189.111,-952.117,-0.689
120,2.0000,-0.002,0.002,18.000,-131.120,-1038.390,-2.911,-189.095,-952.253,-0.663
120,2.0083,-0.002,0.002,18.000,-130.974,-1038.337,-2.823,-189.084,-952.389,-0.639
120,2.0167,-0.002,0.002,18.000,-130.808,-1038.286,-2.735,-189.074,-952.523,-0.615
120,2.0250,-0.002,0.002,18.000,-130.609,-1038.237,-2.647,-189.074,-952.632,-0.582
120,2.0333,-0.002,0.002,18.000,-130.384,-1038.185,-2.559,-189.079,-952.728,-0.547
120,2.0417,-0.002,0.002,18.000,-130.129,-1038.134,-2.466,-189.094,-952.821,-0.512
120,2.0500,-0.002,0.002,18.000,-129.856,-1038.083,-2.369,-189.114,-952.909,-0.476
120,2.0583,-0.002,0.002,18.000,-129.560,-1038.033,-2.271,-189.143,-952.993,-0.440
120,2.0667,-0.002,0.002,18.000,-129.253,-1037.983,-2.170,-189.177,-953.076,-0.405
120,2.0750,-0.002,0.002,18.000,-128.929,-1037.934,-2.071,-189.217,-953.155,-0.372
120,2.0833,-0.002,0.002,18.000,-128.598,-1037.883,-1.971,-189.263,-953.230,-0.339
120,2.0917,-0.002,0.002,18.000,-128.255,-1037.831,-1.875,-189.310,-953.300,-0.310
120,2.1000,-0.002,0.002,18.000,-127.908,-1037.780,-1.780,-189.358,-953.370,-0.280
120,2.1083,-0.002,0.002,18.000,-127.560,-1037.731,-1.692,-189.407,-953.442,-0.255
120,2.1167,-0.002,0.002,18.000,-127.212,-1037.682,-1.610,-189.459,-953.514,-0.234
120,2.1250,-0.002,0.002,18.000,-126.854,-1037.638,-1.534,-189.502,-953.582,-0.214
120,2.1333,-0.002,0.002,18.000,-126.490,-1037.592,-1.455,-189.550,-953.654,-0.194
120,2.1417,-0.002,0.002,18.000,-126.110,-1037.554,-1.380,-189.597,-953.726,-0.177
120,2.1500,-0.002,0.002,18.000,-125.727,-1037.518,-1.307,-189.645,-953.798,-0.161
120,2.1583,-0.002,0.002,18.000,-125.335,-1037.481,-1.237,-189.698,-953.871,-0.147
120,2.1667,-0.002,0.002,18.000,-124.940,-1037.447,-1.169,-189.745,-953.944,-0.134
120,2.1750,-0.002,0.002,18.000,-124.535,-1037.409,-1.106,-189.791,-954.015,-0.122
120,2.1833,-0.002,0.002,18.000,-124.132,-1037.369,-1.042,-189.839,-954.085,-0.109
120,2.1917,-0.002,0.002,18.000,-123.733,-1037.321,-0.988,-189.891,-954.151,-0.101
120,2.2000,-0.002,0.002,18.000,-123.332,-1037.271,-0.936,-189.943,-954.216,-0.093
120,2.2083,-0.002,0.002,18.000,-122.933,-1037.203,-0.895,-190.013,-954.243,-0.099
